"PROPNUM","SECTION","SEQUENCE","QUALIFIER","KEYWORD","EXPRESSION"
"B4KKJ6WARG",1,1,,"TITLES","Lease: COLO 32-8 #1"
"B4KKJ6WARG",1,6,,"TITLES","Field: IGNACIO-BLANCO"
"B4KKJ6WARG",1,11,,"TITLES","LA PLATA , CO"
"B4KKJ6WARG",1,16,,"TITLES","Operator: APACHE CORPORATION"
"B4KKJ6WARG",4,3,"BUD2003","CUMS","0.460 453.714"
"B4KKJ6WARG",4,4,"BUD2000","CUMS","0.295 205.384"
"B4KKJ6WARG",4,5,"BUD2000","START","04/1999"
"B4KKJ6WARG",4,6,"BUD2000","GAS","890.6 X M/M 08/2002 AD B/2.1215 7.249332"
"B4KKJ6WARG",4,7,"BUD2000","""","715.6 X M/M 155.736 IMU EXP 5.000000"
"B4KKJ6WARG",4,8,"BUD2000","START","04/1999"
"B4KKJ6WARG",4,9,"BUD2000","OIL/GAS","0.005593 0.00504028 B/M TO LIFE LOG TIME"
"B4KKJ6WARG",4,10,"BUD2003","START","1/2003"
"B4KKJ6WARG",4,11,"BUD2003","GAS","700.47 X M/M 152.198 IMU EXP 5.000000"
"B4KKJ6WARG",4,21,"BUD2003","START","1/2003"
"B4KKJ6WARG",4,22,"BUD2003","OIL/GAS","0.00555364 0.00504028 B/M TO LIFE LOG TIME"
"B4KKJ6WARG",5,4,"BUD2000","LOOKUP","OILPRICE @M.AREA @M.LIQ_GRAV"
"B4KKJ6WARG",5,5,"BUD2000","LOOKUP","GASPRICE @M.AREA"
"B4KKJ6WARG",6,14,"LOE99","OPC/T","1100 X $/M TO LIFE ESC OPEX"
"B4KKJ6WARG",6,16,"LOE99","TCR/GAS",".646 .646 $/M 01/2003 AD PC 0"
"B4KKJ6WARG",6,8203,,"ATX","6.97 X % TO LIFE PC 0"
"B4KKJ6WARG",6,16391,,"LOOKUP","SEV @M.STATE"
"B4KKJ6WARG",7,16385,"LGC","NET","79.44000 63.55000 %"
"B4KKJ6WARG",9,2,"BUD2003","LOAD","MP.OIL OIL 01/2003 01/2010 #"
"B4KKJ6WARG",9,3,"BUD2003","LOAD","MP.GAS GAS 01/2003 01/2010 #"
"B4KKJBUBSE",1,1,,"TITLES","Lease: COLO 32-8 #2"
"B4KKJBUBSE",1,6,,"TITLES","Field: IGNACIO-BLANCO"
"B4KKJBUBSE",1,11,,"TITLES","LA PLATA , CO"
"B4KKJBUBSE",1,16,,"TITLES","Operator: APACHE CORPORATION"
"B4KKJBUBSE",4,1,"PREFRAC","CUMS","0.0 288.826"
"B4KKJBUBSE",4,4,"BUD2003","CUMS","0.170 898.568"
"B4KKJBUBSE",4,5,"BUD2000","CUMS","0.147 350.485"
"B4KKJBUBSE",4,6,"BUD2000","START","04/1999"
"B4KKJBUBSE",4,7,"BUD2000","GAS","853.4 X M/M 06/2004 AD B/1.6959 8.308049"
"B4KKJBUBSE",4,8,"BUD2000","""","599.2 X M/M 128.533 IMU EXP 5.000000"
"B4KKJBUBSE",4,9,"BUD2000","START","04/1999"
"B4KKJBUBSE",4,10,"BUD2000","OIL/GAS","0.002084 0.00174592 B/M TO LIFE LOG TIME"
"B4KKJBUBSE",4,11,"BUD2003","START","1/2003"
"B4KKJBUBSE",4,12,"BUD2003","GAS","648.21 X M/M 6/2004 AD B/1.6959 5.434498"
"B4KKJBUBSE",4,13,"BUD2003","""","599.20 X M/M 128.533 IMU EXP 5.000000"
"B4KKJBUBSE",4,22,"PREFRAC","START","07/1994"
"B4KKJBUBSE",4,23,"PREFRAC","GAS","925.2 X M/M 02/1998 AD B/1.8641 7.092030"
"B4KKJBUBSE",4,24,"PREFRAC","""","734.6 X M/M 501.272 IMU EXP 5.000000"
"B4KKJBUBSE",4,25,"BUD2003","START","1/2003"
"B4KKJBUBSE",4,26,"BUD2003","OIL/GAS","0.00205838 0.00174592 B/M TO LIFE LOG TIME"
"B4KKJBUBSE",5,4,"BUD2000","LOOKUP","OILPRICE @M.AREA @M.LIQ_GRAV"
"B4KKJBUBSE",5,5,"BUD2000","LOOKUP","GASPRICE @M.AREA"
"B4KKJBUBSE",6,12,"LOE99","OPC/T","1000 X $/M TO LIFE ESC OPEX"
"B4KKJBUBSE",6,20,"LOE99","TCR/GAS",".646 .646 $/M 01/2003 AD PC 0"
"B4KKJBUBSE",6,16393,,"LOOKUP","SEV @M.STATE"
"B4KKJBUBSE",6,24580,,"ATX","6.97 X % TO LIFE PC 0"
"B4KKJBUBSE",7,3,"LGC","NET","100.00000 75.70716 %"
"B4KKJBUBSE",8,16383,,"CAPITAL","225 100 G 0 YRS"
"B4KKJBUBSE",9,2,"BUD2003","LOAD","MP.OIL OIL 01/2003 01/2010 #"
"B4KKJBUBSE",9,3,"BUD2003","LOAD","MP.GAS GAS 01/2003 01/2010 #"
"B4KKJHSBTA",1,1,,"TITLES","Lease: COLO 32-8 #2 PC"
"B4KKJHSBTA",1,6,,"TITLES","Field: IGNACIO-BLANCO"
"B4KKJHSBTA",1,11,,"TITLES","LA PLATA , CO"
"B4KKJHSBTA",1,16,,"TITLES","Operator: APACHE CORPORATION"
"B4KKJHSBTA",2,16383,,"LOSS","OK"
"B4KKJHSBTA",4,3,"BUD2003","CUMS","0.882 833.669"
"B4KKJHSBTA",4,4,"BUD2000","CUMS","0.787 686.518"
"B4KKJHSBTA",4,5,"BUD2000","START","04/1999"
"B4KKJHSBTA",4,6,"BUD2000","GAS","3414.4 X M/M 06/2004 AD B/1.6984 8.301805"
"B4KKJHSBTA",4,7,"BUD2000","""","2399.6 X M/M 549.755 IMU EXP 5.000000"
"B4KKJHSBTA",4,8,"BUD2000","START","04/1999"
"B4KKJHSBTA",4,9,"BUD2000","OIL/GAS","0.001739 0.00037077 B/M TO LIFE LOG TIME"
"B4KKJHSBTA",4,10,"BUD2003","START","1/2003"
"B4KKJHSBTA",4,11,"BUD2003","GAS","2594.07 X M/M 6/2004 AD B/1.6984 5.429055"
"B4KKJHSBTA",4,12,"BUD2003","""","2399.60 X M/M 549.804 IMU EXP 5.000000"
"B4KKJHSBTA",4,21,"BUD2003","START","1/2003"
"B4KKJHSBTA",4,22,"BUD2003","OIL/GAS","0.00161868 0.00037077 B/M TO LIFE LOG TIME"
"B4KKJHSBTA",5,4,"BUD2000","LOOKUP","OILPRICE @M.AREA @M.LIQ_GRAV"
"B4KKJHSBTA",5,5,"BUD2000","LOOKUP","GASPRICE @M.AREA"
"B4KKJHSBTA",6,12,"LOE99","OPC/T","985 X $/M TO LIFE ESC OPEX"
"B4KKJHSBTA",6,20,,"TCR/GAS",".646 .646 $/M 01/2003 AD PC 0"
"B4KKJHSBTA",6,16393,,"LOOKUP","SEV @M.STATE"
"B4KKJHSBTA",6,24580,,"ATX","6.97 X % TO LIFE PC 0"
"B4KKJHSBTA",7,16387,"LGC","NET","87.34929 74.5475 %"
"B4KKJHSBTA",9,2,"BUD2003","LOAD","MP.OIL OIL 01/2003 01/2010 #"
"B4KKJHSBTA",9,3,"BUD2003","LOAD","MP.GAS GAS 01/2003 01/2010 #"
"B4KKJK89U8",1,1,,"TITLES","Lease: COLO 32-8 #1 PC"
"B4KKJK89U8",1,6,,"TITLES","Field: IGNACIO-BLANCO"
"B4KKJK89U8",1,11,,"TITLES","LA PLATA , CO"
"B4KKJK89U8",1,16,,"TITLES","Operator: APACHE CORPORATION"
"B4KKJK89U8",4,3,"BUD2003","CUMS","0.603 738.718"
"B4KKJK89U8",4,4,"BUD2000","CUMS","0.557 584.175"
"B4KKJK89U8",4,5,"BUD2000","START","04/1999"
"B4KKJK89U8",4,6,"BUD2000","GAS","3898.7 X M/M 659.210 IMU EXP 6.831181"
"B4KKJK89U8",4,7,"BUD2000","START","04/1999"
"B4KKJK89U8",4,8,"BUD2000","OIL","1.018 X B/M 0.040 IMU EXP 26.162172"
"B4KKJK89U8",4,9,"BUD2003","START","1/2003"
"B4KKJK89U8",4,10,"BUD2003","GAS","2990.09 X M/M 505.128 IMU EXP 6.831181"
"B4KKJK89U8",4,11,"BUD2003","START","1/2003"
"B4KKJK89U8",4,12,"BUD2003","OIL/GAS","0.00039126 0.00003782 B/M TO LIFE LOG TIME"
"B4KKJK89U8",5,24577,"BUD2000","LOOKUP","OILPRICE @M.AREA @M.LIQ_GRAV"
"B4KKJK89U8",5,24578,"BUD2000","LOOKUP","GASPRICE @M.AREA"
"B4KKJK89U8",6,12,"LOE99","OPC/T","890 X $/M TO LIFE ESC OPEX"
"B4KKJK89U8",6,16389,,"LOOKUP","SEV @M.STATE"
"B4KKJK89U8",6,24578,,"ATX","6.97 X % TO LIFE PC 0"
"B4KKJK89U8",7,3,"LGC","NET","100.00000 87.45781 %"
"B4KKJK89U8",9,2,"BUD2003","LOAD","MP.OIL OIL 01/2003 01/2010 #"
"B4KKJK89U8",9,3,"BUD2003","LOAD","MP.GAS GAS 01/2003 01/2010 #"
"B4KKJMKBV7",1,1,,"TITLES","Lease: IRISH CREEK #11-21"
"B4KKJMKBV7",1,6,,"TITLES","Field: IRISH CREEK"
"B4KKJMKBV7",1,11,,"TITLES","MOFFAT , CO"
"B4KKJMKBV7",1,16,,"TITLES","Operator: MARATHON OIL COMPANY"
"B4KKJMKBV7",4,3,"BUD2003","CUMS","1.501 177.284"
"B4KKJMKBV7",4,4,"BUD2000","CUMS","0.511 93.778"
"B4KKJMKBV7",4,5,"BUD2000","START","04/1999"
"B4KKJMKBV7",4,6,"BUD2000","GAS","2664.0 X M/M 12/2011 AD B/1.3657 30.899212"
"B4KKJMKBV7",4,7,"BUD2000","""","517.5 X M/M 109.384 IMU EXP 5.000000"
"B4KKJMKBV7",4,8,"BUD2000","START","04/1999"
"B4KKJMKBV7",4,9,"BUD2000","OIL/GAS","0.004540 0.00450829 B/M TO LIFE LOG TIME"
"B4KKJMKBV7",4,10,"BUD2003","START","01/2003"
"B4KKJMKBV7",4,11,"BUD2003","GAS","1481.48 X M/M 04/2007 AD B/2.0596 8.178891"
"B4KKJMKBV7",4,12,"BUD2003","""","1108.72 X M/M 247.687 IMU EXP 5.000000"
"B4KKJMKBV7",4,23,"BUD2003","START","01/2003"
"B4KKJMKBV7",4,24,"BUD2003","OIL/GAS","0.00765069 0.00022611 B/M TO LIFE LOG TIME"
"B4KKJMKBV7",5,12287,"BUD2000","LOOKUP","OILPRICE @M.AREA @M.LIQ_GRAV"
"B4KKJMKBV7",5,12288,"BUD2000","LOOKUP","GASPRICE @M.AREA"
"B4KKJMKBV7",6,20,"LOE99","OPC/T","@M.LOE X $/M TO LIFE ESC OPEX"
"B4KKJMKBV7",6,21,"LOE99","OPC/GAS",".0864 X $/M TO LIFE ESC OPEX"
"B4KKJMKBV7",6,22,"LOE99","TCR/GAS",".646 .646 $/M 01/2003 AD PC 0"
"B4KKJMKBV7",6,16394,,"LOOKUP","SEV @M.STATE"
"B4KKJMKBV7",6,24580,,"ATX","6.97 X % TO LIFE PC 0"
"B4KKJMKBV7",7,3,"LGC","NET","79.44000 67.28330 %"
"B4KKJMKBV7",9,10,,"LOAD","MP.OIL OIL 01/2003 01/2010 #"
"B4KKJMKBV7",9,20,,"LOAD","MP.GAS GAS 01/2003 01/2010 #"
"B4KKJMKBV7",9,21,"BUD2003","LOAD","MP.OIL OIL 01/2003 01/2010 #"
"B4KKJMKBV7",9,22,"BUD2003","LOAD","MP.GAS GAS 01/2003 01/2010 #"
"B4KKRPSDFF",1,1,,"TITLES","Lease: REED -E-"
"B4KKRPSDFF",1,6,,"TITLES","Field: BEAR GRASS (TRAVIS PEAK)"
"B4KKRPSDFF",1,11,,"TITLES","FREESTONE , TX"
"B4KKRPSDFF",1,16,,"TITLES","Operator: MARATHON OIL CO"
"B4KKRPSDFF",4,1,"DEFAULT","CUMS","13.232 4549.963 "
"B4KKRPSDFF",4,2,"DEFAULT","START","12/1993"
"B4KKRPSDFF",4,3,"DEFAULT","GAS","2201.84 X M/M 39.919 IMU EXP 47.666969"
"B4KKRPSDFF",4,4,"DEFAULT","START","12/1993"
"B4KKRPSDFF",4,5,"DEFAULT","OIL","10.5250 X B/M 0.185 IMU EXP 42.520612"
"B4KKRPSDFF",5,2,"BUD2000","LOOKUP","OILPRICE @M.AREA @M.LIQ_GRAV"
"B4KKRPSDFF",5,3,"BUD2000","LOOKUP","GASPRICE @M.AREA"
"B4KKRPSDFF",6,2,,"LOOKUP","SEV @M.STATE"
"B4KKRPSDFF",6,3,,"ATX","2.90"
"B4KKRPSDFF",9,2,"BUD2003","LOAD","MP.OIL OIL 01/2003 01/2010 #"
"B4KKRPSDFF",9,3,"BUD2003","LOAD","MP.GAS GAS 01/2003 01/2010 #"
"B4KKRR4FGD",1,33,,"TITLES","Lease: HULL #1"
"B4KKRR4FGD",1,38,,"TITLES","Field: BEAR GRASS (TRAVIS PEAK)"
"B4KKRR4FGD",1,43,,"TITLES","LEON , TX"
"B4KKRR4FGD",1,48,,"TITLES","Operator: MARATHON OIL CO"
"B4KKRR4FGD",1,49,"LGC","TITLES","Lease: HULL #1"
"B4KKRR4FGD",1,54,"LGC","TITLES","Field: BEAR GRASS (TRAVIS PEAK)"
"B4KKRR4FGD",1,59,"LGC","TITLES","LEON , @M.STATE"
"B4KKRR4FGD",1,64,"LGC","TITLES","Operator: XTO ENERGY INCORPORATED"
"B4KKRR4FGD",2,16383,,"SHRINK",".97"
"B4KKRR4FGD",4,3,"BUD2003","CUMS","10.837 2857.218"
"B4KKRR4FGD",4,4,"BUD2000","CUMS","10.028 2587.575"
"B4KKRR4FGD",4,5,"BUD2000","START","09/1999"
"B4KKRR4FGD",4,6,"BUD2000","GAS","9783.6 X M/M 3895.04804 MMF EXP 7.953637"
"B4KKRR4FGD",4,7,"BUD2000","START","09/1999"
"B4KKRR4FGD",4,8,"BUD2000","OIL/GAS","0.004185 0.00602756 B/M TO LIFE LOG TIME"
"B4KKRR4FGD",4,9,"BUD2003","START","01/2003"
"B4KKRR4FGD",4,10,"BUD2003","GAS","7422.00 X M/M 966.138 IMU EXP 7.953637"
"B4KKRR4FGD",4,19,"BUD2003","START","01/2003"
"B4KKRR4FGD",4,20,"BUD2003","OIL/GAS","0.00435244 0.00602756 B/M TO LIFE LOG TIME"
"B4KKRR4FGD",5,16382,"BUD2000","PRI/OIL","19.60"
"B4KKRR4FGD",5,24573,"BUD2000","PRI/GAS","1.85"
"B4KKRR4FGD",6,5,"LOE99","OPC/T","3500 X $/M TO LIFE ESC OPEX"
"B4KKRR4FGD",6,6,,"LOOKUP","SEV @M.STATE"
"B4KKRR4FGD",6,7,,"ATX","3"
"B4KKRR4FGD",7,3,"LGC","NET","34.75751 28.96627 %"
"B4KKRR4FGD",7,16385,"OWN1","NET","50 42 %"
"B4KKRR4FGD",8,3,,"CAPITAL","200 100 G 0 YRS"
"B4KKRR4FGD",9,10,,"LOAD","MP.OIL OIL 01/2003 01/2010 #"
"B4KKRR4FGD",9,20,,"LOAD","MP.GAS GAS 01/2003 01/2010 #"
"B4KKS1GDS3",1,1,,"TITLES","Lease: VARIBUS"
"B4KKS1GDS3",1,6,,"TITLES","Field: BEAR GRASS (TRAVIS PEAK)"
"B4KKS1GDS3",1,11,,"TITLES","LEON , TX"
"B4KKS1GDS3",1,16,,"TITLES","Operator: SONAT EXPL INC"
"B4KKS1GDS3",1,17,"LGC","TITLES","Lease: VARIBUS"
"B4KKS1GDS3",1,22,"LGC","TITLES","Field: BEAR GRASS (TRAVIS PEAK)"
"B4KKS1GDS3",1,27,"LGC","TITLES","LEON , @M.STATE"
"B4KKS1GDS3",1,32,"LGC","TITLES","Operator: HUNT PETROLEUM CORPORATION"
"B4KKS1GDS3",4,1,"TEST","CUMS","5.745 1948.458"
"B4KKS1GDS3",4,4,"BUD2003","CUMS","6.221 2152.928"
"B4KKS1GDS3",4,5,"BUD2000","CUMS","5.745 1948.458"
"B4KKS1GDS3",4,6,"BUD2000","START","09/1999"
"B4KKS1GDS3",4,7,"BUD2000","GAS","6597.7 X M/M 2514.71744 MMF EXP 11.989965"
"B4KKS1GDS3",4,8,"BUD2000","START","09/1999"
"B4KKS1GDS3",4,9,"BUD2000","WTR","549.5 X B/M 205.015 IMU EXP 2.959546"
"B4KKS1GDS3",4,10,"BUD2000","START","09/1999"
"B4KKS1GDS3",4,11,"BUD2000","OIL/GAS","0.001946 0.00045174 B/M TO LIFE LOG TIME"
"B4KKS1GDS3",4,12,"BUD2003","START","01/2003"
"B4KKS1GDS3",4,13,"BUD2003","GAS","4310.22 X M/M 351.369 IMU EXP 11.989965"
"B4KKS1GDS3",4,14,"BUD2003","START","01/2003"
"B4KKS1GDS3",4,15,"BUD2003","WTR","497.14 X B/M 184.136 IMU EXP 2.959546"
"B4KKS1GDS3",4,27,"TEST","START","09/1999"
"B4KKS1GDS3",4,28,"TEST","GAS","6304.94 X M/M 350.035 IMU EXP 19.300978"
"B4KKS1GDS3",4,29,"TEST","START","09/1999"
"B4KKS1GDS3",4,30,"TEST","WTR","549.50 X B/M 205.051 IMU EXP 2.959546"
"B4KKS1GDS3",4,31,"TEST","START","09/1999"
"B4KKS1GDS3",4,32,"TEST","OIL/GAS","0.00194600 0.00045174 B/M TO LIFE LOG TIME"
"B4KKS1GDS3",4,33,"BUD2003","START","01/2003"
"B4KKS1GDS3",4,34,"BUD2003","OIL/GAS","0.00150952 0.00045174 B/M TO LIFE LOG TIME"
"B4KKS1GDS3",5,16382,"BUD2000","PRI/OIL","20.05"
"B4KKS1GDS3",5,24573,"BUD2000","PRI/GAS","1.95"
"B4KKS1GDS3",6,8191,"LOE99","OPC/T","4120 X $/M TO LIFE ESC OPEX"
"B4KKS1GDS3",6,12286,,"OPC/WTR",".25 X $/B TO LIFE PC 0"
"B4KKS1GDS3",6,16382,,"LOOKUP","SEV @M.STATE"
"B4KKS1GDS3",6,24573,,"ATX","3"
"B4KKS1GDS3",7,3,"LGC","NET","48.33634 42.52856 42.52856 %"
"B4KKS1GDS3",7,16385,"OWN1","NET","32.168 27.145 %"
"B4KKS1GDS3",8,3,,"CAPITAL","225 75 G 0 YRS"
"B4KKS1GDS3",9,2,"BUD2003","LOAD","MP.OIL OIL 01/2003 01/2010 #"
"B4KKS1GDS3",9,3,"BUD2003","LOAD","MP.GAS GAS 01/2003 01/2010 #"
"B4KKS1QBH9",1,1,,"TITLES","Lease: HOLMES S"
"B4KKS1QBH9",1,6,,"TITLES","Field: BEAR GRASS (TRAVIS PEAK)"
"B4KKS1QBH9",1,11,,"TITLES","LEON , TX"
"B4KKS1QBH9",1,16,,"TITLES","Operator: MARATHON OIL CO"
"B4KKS1QBH9",1,17,"LGC","TITLES","Lease: HOLMES S"
"B4KKS1QBH9",1,22,"LGC","TITLES","Field: BEAR GRASS (TRAVIS PEAK)"
"B4KKS1QBH9",1,27,"LGC","TITLES","LEON , @M.STATE"
"B4KKS1QBH9",1,32,"LGC","TITLES","Operator: XTO ENERGY INCORPORATED"
"B4KKS1QBH9",4,3,"BUD2003","CUMS","11.354 2099.994"
"B4KKS1QBH9",4,4,"BUD2000","CUMS","10.174 1916.931"
"B4KKS1QBH9",4,5,"BUD2000","START","09/1999"
"B4KKS1QBH9",4,6,"BUD2000","GAS","11434.8 X M/M 2939.57219 MMF EXP 11.543000"
"B4KKS1QBH9",4,7,"BUD2000","START","09/1999"
"B4KKS1QBH9",4,8,"BUD2000","OIL","64.1 X B/M 5.941 IMU EXP 10.351819"
"B4KKS1QBH9",4,9,"BUD2000","START","09/1999"
"B4KKS1QBH9",4,10,"BUD2000","WTR","308.2 X B/M 76.711 IMU EXP 4.259979"
"B4KKS1QBH9",4,11,"BUD2003","START","01/2003"
"B4KKS1QBH9",4,12,"BUD2003","GAS","5037.69 X M/M 182.693 IMU EXP 27.935940"
"B4KKS1QBH9",4,13,"BUD2003","START","01/2003"
"B4KKS1QBH9",4,14,"BUD2003","WTR","266.57 X B/M 65.236 IMU EXP 4.259979"
"B4KKS1QBH9",4,26,"BUD2003","START","01/2003"
"B4KKS1QBH9",4,27,"BUD2003","OIL/GAS","0.00467962 0.00255935 B/M TO LIFE LOG TIME"
"B4KKS1QBH9",5,2,"BUD2000","LOOKUP","OILPRICE @M.AREA @M.LIQ_GRAV"
"B4KKS1QBH9",5,3,"BUD2000","LOOKUP","GASPRICE @M.AREA"
"B4KKS1QBH9",6,8191,"LOE99","OPC/T","3850 X $/M TO LIFE ESC OPEX"
"B4KKS1QBH9",6,12286,,"OPC/WTR",".25 X $/B TO LIFE PC 0"
"B4KKS1QBH9",6,16382,,"LOOKUP","SEV @M.STATE"
"B4KKS1QBH9",6,24573,,"ATX","3"
"B4KKS1QBH9",7,3,"LGC","NET","48.33634 42.52856 42.52856 %"
"B4KKS1QBH9",9,2,"BUD2003","LOAD","MP.OIL OIL 01/2003 01/2010 #"
"B4KKS1QBH9",9,3,"BUD2003","LOAD","MP.GAS GAS 01/2003 01/2010 #"
"B4KKS3AETZ",1,1,,"TITLES","Lease: LOVERING, E.H."
"B4KKS3AETZ",1,6,,"TITLES","Field: BEAR GRASS (TRAVIS PEAK)"
"B4KKS3AETZ",1,11,,"TITLES","FREESTONE , TX"
"B4KKS3AETZ",1,16,,"TITLES","Operator: SONAT EXPL INC"
"B4KKS3AETZ",1,17,"LGC","TITLES","Lease: LOVERING E.H."
"B4KKS3AETZ",1,22,"LGC","TITLES","Field: BEAR GRASS (TRAVIS PEAK)"
"B4KKS3AETZ",1,27,"LGC","TITLES","FREESTONE , @M.STATE"
"B4KKS3AETZ",1,32,"LGC","TITLES","Operator: ANADARKO PETROLEUM CORPORATION"
"B4KKS3AETZ",4,3,"BUD2003","CUMS","17.420 2077.539"
"B4KKS3AETZ",4,4,"BUD2000","CUMS","16.213 1898.596"
"B4KKS3AETZ",4,5,"BUD2000","START","09/1999"
"B4KKS3AETZ",4,6,"BUD2000","GAS","5806.8 X M/M 03/2012 AD B/0.9580 11.726587"
"B4KKS3AETZ",4,7,"BUD2000","""","2153.4 X M/M 2508.35532 MMF EXP 5.000000"
"B4KKS3AETZ",4,8,"BUD2000","START","09/1999"
"B4KKS3AETZ",4,9,"BUD2000","OIL","33.4 X B/M 11/2057 AD B/0.2608 20.185827"
"B4KKS3AETZ",4,10,"BUD2000","""","0.102 X B/M 0.022 IMU EXP 5.000000"
"B4KKS3AETZ",4,11,"BUD2003","START","01/2003"
"B4KKS3AETZ",4,12,"BUD2003","GAS","4017.81 X M/M 03/2012 AD B/0.9580 8.531899"
"B4KKS3AETZ",4,13,"BUD2003","""","2153.40 X M/M 100.405 IMU EXP 5.000000"
"B4KKS3AETZ",4,22,"BUD2003","START","01/2003"
"B4KKS3AETZ",4,23,"BUD2003","OIL","16.5015 X B/M 11/2057 AD B/0.2608 17.180830"
"B4KKS3AETZ",4,24,"BUD2003","""","0.102000 X B/M 0.022 IMU EXP 5.000000"
"B4KKS3AETZ",5,2,"BUD2000","LOOKUP","OILPRICE @M.AREA @M.LIQ_GRAV"
"B4KKS3AETZ",5,3,"BUD2000","LOOKUP","GASPRICE @M.AREA"
"B4KKS3AETZ",6,10922,"LOE99","OPC/T","3525"
"B4KKS3AETZ",6,16383,,"LOOKUP","SEV @M.STATE"
"B4KKS3AETZ",6,19113,,"ATX","2.90"
"B4KKS3AETZ",7,3,"LGC","NET","20.562014 17.2964 %"
"B4KKS3AETZ",9,2,"BUD2003","LOAD","MP.OIL OIL 01/2003 01/2010 #"
"B4KKS3AETZ",9,3,"BUD2003","LOAD","MP.GAS GAS 01/2003 01/2010 #"
"B4KKS3UBI6",1,1,,"TITLES","Lease: REED E"
"B4KKS3UBI6",1,6,,"TITLES","Field: BEAR GRASS (TRAVIS PEAK)"
"B4KKS3UBI6",1,11,,"TITLES","FREESTONE , TX"
"B4KKS3UBI6",1,16,,"TITLES","Operator: MARATHON OIL CO"
"B4KKS3UBI6",4,1,"DEFAULT","CUMS","0.0 1401.365 "
"B4KKS3UBI6",4,2,"DEFAULT","START","1/1994"
"B4KKS3UBI6",4,3,"DEFAULT","GAS","2765.45 X M/M 37.658 IMU EXP 57.925524"
"B4KKS3UBI6",5,2,"BUD2000","LOOKUP","OILPRICE @M.AREA @M.LIQ_GRAV"
"B4KKS3UBI6",5,3,"BUD2000","LOOKUP","GASPRICE @M.AREA"
"B4KKS3UBI6",6,2,,"LOOKUP","SEV @M.STATE"
"B4KKS3UBI6",6,3,,"ATX","2.90"
"B4KKS3UBI6",9,2,"BUD2003","LOAD","MP.OIL OIL 01/2003 01/2010 #"
"B4KKS3UBI6",9,3,"BUD2003","LOAD","MP.GAS GAS 01/2003 01/2010 #"
"B4KKS54FUV",1,1,,"TITLES","Lease: WORTHY"
"B4KKS54FUV",1,6,,"TITLES","Field: BEAR GRASS (TRAVIS PEAK)"
"B4KKS54FUV",1,11,,"TITLES","FREESTONE , TX"
"B4KKS54FUV",1,16,,"TITLES","Operator: SONAT EXPL INC"
"B4KKS54FUV",1,17,"LGC","TITLES","Lease: WORTHY"
"B4KKS54FUV",1,22,"LGC","TITLES","Field: BEAR GRASS (TRAVIS PEAK)"
"B4KKS54FUV",1,27,"LGC","TITLES","FREESTONE , @M.STATE"
"B4KKS54FUV",1,32,"LGC","TITLES","Operator: ANADARKO PETROLEUM CORPORATION"
"B4KKS54FUV",4,1,"BUD2003","CUMS","0.0 1050.964"
"B4KKS54FUV",4,4,"BUD2000","CUMS","0.0 962.152"
"B4KKS54FUV",4,5,"BUD2000","START","09/1999"
"B4KKS54FUV",4,6,"BUD2000","GAS","2880.4 X M/M 10/2011 AD B/0.9697 11.389504"
"B4KKS54FUV",4,7,"BUD2000","""","1118.1 X M/M 259.253 IMU EXP 5.000000"
"B4KKS54FUV",4,12,"BUD2003","START","01/2003"
"B4KKS54FUV",4,13,"BUD2003","GAS","1097.21 X M/M 11/2018 AD B/0.4680 14.124143"
"B4KKS54FUV",4,14,"BUD2003","""","208.43 X M/M 26.244 IMU EXP 7.000000"
"B4KKS54FUV",5,2,"BUD2000","LOOKUP","OILPRICE @M.AREA @M.LIQ_GRAV"
"B4KKS54FUV",5,3,"BUD2000","LOOKUP","GASPRICE @M.AREA"
"B4KKS54FUV",6,10922,"LOE99","OPC/T","2200"
"B4KKS54FUV",6,16383,,"LOOKUP","SEV @M.STATE"
"B4KKS54FUV",6,19113,,"ATX","2.90"
"B4KKS54FUV",7,3,"LGC","NET","48.33634 42.52856 42.52856 %"
"B4KKS54FUV",8,16383,,"CAPITAL","225 100 G 0 YRS"
"B4KKS54FUV",9,2,"BUD2003","LOAD","MP.OIL OIL 01/2003 01/2010 #"
"B4KKS54FUV",9,3,"BUD2003","LOAD","MP.GAS GAS 01/2003 01/2010 #"
"B4KKS5SBJ3",1,1,,"TITLES","Lease: GUEST -A-"
"B4KKS5SBJ3",1,6,,"TITLES","Field: BEAR GRASS (TRAVIS PEAK)"
"B4KKS5SBJ3",1,11,,"TITLES","LEON , TX"
"B4KKS5SBJ3",1,16,,"TITLES","Operator: MARATHON OIL CO"
"B4KKS5SBJ3",1,17,"LGC","TITLES","Lease: GUEST -A-"
"B4KKS5SBJ3",1,22,"LGC","TITLES","Field: BEAR GRASS (TRAVIS PEAK)"
"B4KKS5SBJ3",1,27,"LGC","TITLES","LEON , @M.STATE"
"B4KKS5SBJ3",1,32,"LGC","TITLES","Operator: XTO ENERGY INCORPORATED"
"B4KKS5SBJ3",4,3,"BUD2003","CUMS","34.245 1534.998"
"B4KKS5SBJ3",4,4,"BUD2000","CUMS","31.964 1395.505"
"B4KKS5SBJ3",4,5,"BUD2000","START","09/1999"
"B4KKS5SBJ3",4,6,"BUD2000","GAS","5252.3 X M/M 664.431 IMU EXP 9.029232"
"B4KKS5SBJ3",4,7,"BUD2000","START","09/1999"
"B4KKS5SBJ3",4,8,"BUD2000","OIL","77.2 X B/M 10.619 IMU EXP 7.312875"
"B4KKS5SBJ3",4,9,"BUD2003","START","01/2003"
"B4KKS5SBJ3",4,10,"BUD2003","GAS","3831.38 X M/M 484.249 IMU EXP 9.029232"
"B4KKS5SBJ3",4,19,"BUD2003","START","01/2003"
"B4KKS5SBJ3",4,20,"BUD2003","OIL","59.9352 X B/M 7.891 IMU EXP 7.312875"
"B4KKS5SBJ3",5,2,"BUD2000","LOOKUP","OILPRICE @M.AREA @M.LIQ_GRAV"
"B4KKS5SBJ3",5,3,"BUD2000","LOOKUP","GASPRICE @M.AREA"
"B4KKS5SBJ3",6,5,"LOE99","OPC/T","2050 X $/M TO LIFE ESC OPEX"
"B4KKS5SBJ3",6,6,,"LOOKUP","SEV @M.STATE"
"B4KKS5SBJ3",6,7,,"ATX","3"
"B4KKS5SBJ3",7,3,"LGC","NET","100 86.985 %"
"B4KKS5SBJ3",9,2,"BUD2003","LOAD","MP.OIL OIL 01/2003 01/2010 #"
"B4KKS5SBJ3",9,3,"BUD2003","LOAD","MP.GAS GAS 01/2003 01/2010 #"
"B4KKS8UDVR",1,1,,"TITLES","Lease: WHITEMAN DECKER GU #1"
"B4KKS8UDVR",1,6,,"TITLES","Field: WHITE OAK CREEK (TRAVIS PEAK)"
"B4KKS8UDVR",1,11,,"TITLES","CHEROKEE , TX"
"B4KKS8UDVR",1,16,,"TITLES","Operator: MARATHON OIL CO"
"B4KKS8UDVR",4,1,"BUD2003","CUMS","0.0 2534.472"
"B4KKS8UDVR",4,4,"BUD2000","CUMS","0.0 2511.628"
"B4KKS8UDVR",4,5,"BUD2000","START","09/1999"
"B4KKS8UDVR",4,6,"BUD2000","GAS","1235.8 X M/M 152.629 IMU EXP 8.902349"
"B4KKS8UDVR",4,11,"BUD2003","START","1/2003"
"B4KKS8UDVR",4,12,"BUD2003","GAS","83.9370 X M/M 0.707 IMU EXP 45.765127"
"B4KKS8UDVR",5,2,"BUD2000","LOOKUP","OILPRICE @M.AREA @M.LIQ_GRAV"
"B4KKS8UDVR",5,3,"BUD2000","LOOKUP","GASPRICE @M.AREA"
"B4KKS8UDVR",6,3,"LOE99","OPC/T","05/1993 8*1347 12*1250 12*1310 12*1300 #"
"B4KKS8UDVR",6,5,"LOE99","""","X X $/M TO LIFE ESC OPEX"
"B4KKS8UDVR",6,7,"LOE99","OPC/GAS",".0668 X $/M TO LIFE ESC OPEX"
"B4KKS8UDVR",6,8,,"LOOKUP","SEV @M.STATE"
"B4KKS8UDVR",6,16387,,"ATX","3"
"B4KKS8UDVR",7,3,"LGC","NET","34.7589 25.9472 %"
"B4KKS8UDVR",9,2,"BUD2003","LOAD","MP.OIL OIL 01/2003 01/2010 #"
"B4KKS8UDVR",9,3,"BUD2003","LOAD","MP.GAS GAS 01/2003 01/2010 #"
"B4KKSAQCKX",1,1,"LGC","TITLES","Lease: GRAYSON"
"B4KKSAQCKX",1,6,"LGC","TITLES","Field: BEAR GRASS (TRAVIS PEAK)"
"B4KKSAQCKX",1,11,"LGC","TITLES","LEON , @M.STATE"
"B4KKSAQCKX",1,16,"LGC","TITLES","Operator: XTO ENERGY INCORPORATED"
"B4KKSAQCKX",2,16383,,"MAJOR","GAS"
"B4KKSAQCKX",4,3,"BUD2003","CUMS","35.607 1703.561"
"B4KKSAQCKX",4,4,"BUD2000","CUMS","25.718 1298.083"
"B4KKSAQCKX",4,5,"BUD2000","START","09/1999"
"B4KKSAQCKX",4,6,"BUD2000","GAS","11931.6 X M/M 2876.16279 MMF EXP 8.666653"
"B4KKSAQCKX",4,7,"BUD2000","START","09/1999"
"B4KKSAQCKX",4,8,"BUD2000","WTR","232.5 X B/M 170.333 IMU EXP 1.078017"
"B4KKSAQCKX",4,9,"BUD2000","START","09/1999"
"B4KKSAQCKX",4,10,"BUD2000","OIL/GAS","0.022 0.025 B/M TO LIFE LOG TIME"
"B4KKSAQCKX",4,11,"BUD2003","START","01/2003"
"B4KKSAQCKX",4,12,"BUD2003","GAS","9258.88 X M/M 1760.058 IMU EXP 6.085549"
"B4KKSAQCKX",4,13,"BUD2003","START","01/2003"
"B4KKSAQCKX",4,14,"BUD2003","WTR","224.25 X B/M 161.199 IMU EXP 1.078017"
"B4KKSAQCKX",4,15,"BUD2003","START","01/2003"
"B4KKSAQCKX",4,16,"BUD2003","OIL/GAS","0.023198 0.030000 B/M TO LIFE LOG TIME"
"B4KKSAQCKX",5,2,"BUD2000","LOOKUP","OILPRICE @M.AREA @M.LIQ_GRAV"
"B4KKSAQCKX",5,3,"BUD2000","LOOKUP","GASPRICE @M.AREA"
"B4KKSAQCKX",6,8191,"LOE99","OPC/T","4000 X $/M TO LIFE"
"B4KKSAQCKX",6,12286,,"OPC/WTR",".25 X $/B TO LIFE PC 0"
"B4KKSAQCKX",6,16382,,"LOOKUP","SEV @M.STATE"
"B4KKSAQCKX",6,24573,,"ATX","3"
"B4KKSAQCKX",7,3,"LGC","NET","48.33634 42.52856 42.52856 %"
"B4KKSAQCKX",9,2,"BUD2003","LOAD","MP.OIL OIL 01/2003 01/2010 #"
"B4KKSAQCKX",9,3,"BUD2003","LOAD","MP.GAS GAS 01/2003 01/2010 #"
"B4KKSCEDWI",1,1,,"TITLES","Lease: NEW BIRMINGHAM B GAS UNIT 2"
"B4KKSCEDWI",1,6,,"TITLES","Field: WHITE OAK CREEK (TRAVIS PEAK)"
"B4KKSCEDWI",1,11,,"TITLES","CHEROKEE , TX"
"B4KKSCEDWI",1,16,,"TITLES","Operator: MARATHON OIL CO"
"B4KKSCEDWI",4,3,"BUD2003","CUMS","5.751 2221.200"
"B4KKSCEDWI",4,4,"BUD2000","CUMS","5.248 2101.241"
"B4KKSCEDWI",4,5,"BUD2000","START","09/1999"
"B4KKSCEDWI",4,6,"BUD2000","GAS","4978.7 X M/M 06/2006 AD B/1.8575 12.091786"
"B4KKSCEDWI",4,7,"BUD2000","""","2839.0 X M/M 305.284 IMU EXP 5.000000"
"B4KKSCEDWI",4,8,"BUD2000","START","09/1999"
"B4KKSCEDWI",4,9,"BUD2000","WTR","286.7 X B/M 197.884 IMU EXP 1.223308"
"B4KKSCEDWI",4,10,"BUD2000","START","09/1999"
"B4KKSCEDWI",4,11,"BUD2000","OIL/GAS","0.002699 0.00164663 B/M TO LIFE LOG TIME"
"B4KKSCEDWI",4,12,"BUD2003","START","1/2003"
"B4KKSCEDWI",4,13,"BUD2003","GAS","2272.51 X M/M 12/2022 AD B/0.6465 13.450323"
"B4KKSCEDWI",4,14,"BUD2003","""","426.46 X M/M 88.098 IMU EXP 5.000000"
"B4KKSCEDWI",4,15,"BUD2003","START","1/2003"
"B4KKSCEDWI",4,16,"BUD2003","WTR","275.18 X B/M 186.648 IMU EXP 1.223308"
"B4KKSCEDWI",4,29,"BUD2003","START","1/2003"
"B4KKSCEDWI",4,30,"BUD2003","OIL/GAS","0.00247297 0.00164663 B/M TO LIFE LOG TIME"
"B4KKSCEDWI",5,2,"BUD2000","LOOKUP","OILPRICE @M.AREA @M.LIQ_GRAV"
"B4KKSCEDWI",5,3,"BUD2000","LOOKUP","GASPRICE @M.AREA"
"B4KKSCEDWI",6,6553,"LOE99","OPC/T","1300 X $/M TO LIFE ESC OPEX"
"B4KKSCEDWI",6,13106,"LOE99","OPC/GAS",".0864 X $/M TO LIFE ESC OPEX"
"B4KKSCEDWI",6,16382,,"OPC/WTR",".25 X $/B TO LIFE PC 0"
"B4KKSCEDWI",6,19659,,"LOOKUP","SEV @M.STATE"
"B4KKSCEDWI",6,26212,,"ATX","3"
"B4KKSCEDWI",7,3,"LGC","NET","58.50191 47.85286 47.85286 %"
"B4KKSCEDWI",9,2,"BUD2003","LOAD","MP.OIL OIL 01/2003 01/2010 #"
"B4KKSCEDWI",9,3,"BUD2003","LOAD","MP.GAS GAS 01/2003 01/2010 #"
"B4KKSCUCLV",1,1,,"TITLES","Lease: KING, GAIL"
"B4KKSCUCLV",1,6,,"TITLES","Field: BEAR GRASS (TRAVIS PEAK)"
"B4KKSCUCLV",1,11,,"TITLES","LEON , TX"
"B4KKSCUCLV",1,16,,"TITLES","Operator: MARATHON OIL CO"
"B4KKSCUCLV",1,17,"LGC","TITLES","Lease: KING GAIL"
"B4KKSCUCLV",1,22,"LGC","TITLES","Field: BEAR GRASS (TRAVIS PEAK)"
"B4KKSCUCLV",1,27,"LGC","TITLES","LEON , @M.STATE"
"B4KKSCUCLV",1,32,"LGC","TITLES","Operator: XTO ENERGY INCORPORATED"
"B4KKSCUCLV",4,3,"BUD2003","CUMS","1.812 492.526"
"B4KKSCUCLV",4,4,"BUD2000","CUMS","1.556 421.528"
"B4KKSCUCLV",4,5,"BUD2000","START","09/1999"
"B4KKSCUCLV",4,6,"BUD2000","GAS","3228.9 X M/M 12/2003 AD B/2.2050 8.549724"
"B4KKSCUCLV",4,7,"BUD2000","""","2398.7 X M/M 557.857 IMU EXP 5.000000"
"B4KKSCUCLV",4,8,"BUD2000","START","09/1999"
"B4KKSCUCLV",4,9,"BUD2000","OIL/GAS","0.003113 0.00085431 B/M TO LIFE LOG TIME"
"B4KKSCUCLV",4,10,"BUD2003","START","01/2003"
"B4KKSCUCLV",4,11,"BUD2003","GAS","896.52 X M/M 12.826 IMU EXP 54.750518"
"B4KKSCUCLV",4,22,"BUD2003","START","01/2003"
"B4KKSCUCLV",4,23,"BUD2003","OIL/GAS","0.00298168 0.00284361 B/M TO LIFE LOG TIME"
"B4KKSCUCLV",5,2,"BUD2000","LOOKUP","OILPRICE @M.AREA @M.LIQ_GRAV"
"B4KKSCUCLV",5,3,"BUD2000","LOOKUP","GASPRICE @M.AREA"
"B4KKSCUCLV",6,8191,"LOE99","OPC/T","3800"
"B4KKSCUCLV",6,12286,,"OPC/WTR",".25 X $/B TO LIFE PC 0"
"B4KKSCUCLV",6,16382,,"LOOKUP","SEV @M.STATE"
"B4KKSCUCLV",6,24573,,"ATX","3"
"B4KKSCUCLV",7,3,"LGC","NET","50.36178 44.429 44.429 %"
"B4KKSCUCLV",8,16383,,"CAPITAL","225 100 G 0 YRS"
"B4KKSCUCLV",9,2,"BUD2003","LOAD","MP.OIL OIL 01/2003 01/2010 #"
"B4KKSCUCLV",9,3,"BUD2003","LOAD","MP.GAS GAS 01/2003 01/2010 #"
"B4KKSDIDMT",1,1,,"TITLES","Lease: HARRELL -C-"
"B4KKSDIDMT",1,6,,"TITLES","Field: BEAR GRASS (TRAVIS PEAK)"
"B4KKSDIDMT",1,11,,"TITLES","LEON , TX"
"B4KKSDIDMT",1,16,,"TITLES","Operator: MARATHON OIL CO"
"B4KKSDIDMT",4,1,"DEFAULT","CUMS","0.0 322.264 "
"B4KKSDIDMT",4,2,"DEFAULT","START","5/1995"
"B4KKSDIDMT",4,3,"DEFAULT","GAS","142.71 X M/M 1.931 IMU EXP 44.076087"
"B4KKSDIDMT",5,2,"BUD2000","LOOKUP","OILPRICE @M.AREA @M.LIQ_GRAV"
"B4KKSDIDMT",5,3,"BUD2000","LOOKUP","GASPRICE @M.AREA"
"B4KKSDIDMT",6,2,,"LOOKUP","SEV @M.STATE"
"B4KKSDIDMT",6,3,,"ATX","3"
"B4KKSDIDMT",9,2,"BUD2003","LOAD","MP.OIL OIL 01/2003 01/2010 #"
"B4KKSDIDMT",9,3,"BUD2003","LOAD","MP.GAS GAS 01/2003 01/2010 #"
"B4KKSG4EXA",1,1,,"TITLES","Lease: WHITEMAN GAS UNIT #1"
"B4KKSG4EXA",1,6,,"TITLES","Field: WHITE OAK CREEK (TRAVIS PEAK)"
"B4KKSG4EXA",1,11,,"TITLES","CHEROKEE , TX"
"B4KKSG4EXA",1,16,,"TITLES","Operator: MARATHON OIL CO"
"B4KKSG4EXA",4,3,"BUD2003","CUMS","1.415 2123.340"
"B4KKSG4EXA",4,4,"BUD2000","CUMS","1.114 1901.167"
"B4KKSG4EXA",4,5,"BUD2000","START","09/1999"
"B4KKSG4EXA",4,6,"BUD2000","GAS","8547.3 X M/M 297.737 IMU EXP 29.002402"
"B4KKSG4EXA",4,7,"BUD2000","START","09/1999"
"B4KKSG4EXA",4,8,"BUD2000","WTR","360.4 X B/M 6.358 IMU EXP 46.427560"
"B4KKSG4EXA",4,9,"BUD2000","START","09/1999"
"B4KKSG4EXA",4,10,"BUD2000","OIL/GAS","0.000271 0.00036969 B/M TO LIFE LOG TIME"
"B4KKSG4EXA",4,11,"BUD2003","START","1/2003"
"B4KKSG4EXA",4,12,"BUD2003","GAS","3779.81 X M/M 183.242 IMU EXP 21.673913"
"B4KKSG4EXA",4,13,"BUD2003","START","1/2003"
"B4KKSG4EXA",4,14,"BUD2003","WTR","103.23 X B/M 1.997 IMU EXP 35.844552"
"B4KKSG4EXA",4,26,"BUD2003","START","1/2003"
"B4KKSG4EXA",4,27,"BUD2003","OIL/GAS","0.00029025 0.00036969 B/M TO LIFE LOG TIME"
"B4KKSG4EXA",5,2,"BUD2000","LOOKUP","OILPRICE @M.AREA @M.LIQ_GRAV"
"B4KKSG4EXA",5,3,"BUD2000","LOOKUP","GASPRICE @M.AREA"
"B4KKSG4EXA",6,6553,"LOE99","OPC/T","1310 X $/M TO LIFE ESC OPEX"
"B4KKSG4EXA",6,13106,"LOE99","OPC/GAS",".0668 X $/M TO LIFE ESC OPEX"
"B4KKSG4EXA",6,16382,,"OPC/WTR",".25 X $/B TO LIFE PC 0"
"B4KKSG4EXA",6,19659,,"LOOKUP","SEV @M.STATE"
"B4KKSG4EXA",6,26212,,"ATX","3"
"B4KKSG4EXA",7,3,"LGC","NET","49.81195 43.89581 43.89581 %"
"B4KKSG4EXA",9,2,"BUD2003","LOAD","MP.OIL OIL 01/2003 01/2010 #"
"B4KKSG4EXA",9,3,"BUD2003","LOAD","MP.GAS GAS 01/2003 01/2010 #"
"B4KKSHMBNO",1,1,,"TITLES","Lease: HUNTER GAS UNIT"
"B4KKSHMBNO",1,6,,"TITLES","Field: BEAR GRASS (TRAVIS PEAK)"
"B4KKSHMBNO",1,11,,"TITLES","FREESTONE , TX"
"B4KKSHMBNO",1,16,,"TITLES","Operator: SONAT EXPL INC"
"B4KKSHMBNO",1,17,"LGC","TITLES","Lease: HUNTER GAS UNIT"
"B4KKSHMBNO",1,22,"LGC","TITLES","Field: BEAR GRASS (TRAVIS PEAK)"
"B4KKSHMBNO",1,27,"LGC","TITLES","FREESTONE , @M.STATE"
"B4KKSHMBNO",1,32,"LGC","TITLES","Operator: HUNT PETROLEUM CORPORATION"
"B4KKSHMBNO",4,3,"BUD2003","CUMS","18.543 2819.157"
"B4KKSHMBNO",4,4,"BUD2000","CUMS","17.070 2503.388"
"B4KKSHMBNO",4,5,"BUD2000","START","09/1999"
"B4KKSHMBNO",4,6,"BUD2000","GAS","10700.8 X M/M 3174.06855 MMF EXP 10.807457"
"B4KKSHMBNO",4,7,"BUD2000","START","09/1999"
"B4KKSHMBNO",4,8,"BUD2000","OIL","53.0 X B/M 01/2011 AD B/1.0487 11.737752"
"B4KKSHMBNO",4,9,"BUD2000","""","21.3 X B/M 2.665 IMU EXP 5.000000"
"B4KKSHMBNO",4,10,"BUD2003","START","01/2003"
"B4KKSHMBNO",4,11,"BUD2003","GAS","7256.95 X M/M 04/2008 AD B/0.6028 8.762287"
"B4KKSHMBNO",4,12,"BUD2003","""","4705.76 X M/M 769.885 IMU EXP 7.000000"
"B4KKSHMBNO",4,21,"BUD2003","START","01/2003"
"B4KKSHMBNO",4,22,"BUD2003","OIL/GAS","0.00445360 0.00023086 B/M TO LIFE LOG TIME"
"B4KKSHMBNO",5,2,"BUD2000","LOOKUP","OILPRICE @M.AREA @M.LIQ_GRAV"
"B4KKSHMBNO",5,3,"BUD2000","LOOKUP","GASPRICE @M.AREA"
"B4KKSHMBNO",6,10922,"LOE99","OPC/T","2760"
"B4KKSHMBNO",6,16383,,"LOOKUP","SEV @M.STATE"
"B4KKSHMBNO",6,19113,,"ATX","2.90"
"B4KKSHMBNO",7,3,"LGC","NET","49.81195 43.89581 43.89581 %"
"B4KKSHMBNO",9,2,"BUD2003","LOAD","MP.OIL OIL 01/2003 01/2010 #"
"B4KKSHMBNO",9,3,"BUD2003","LOAD","MP.GAS GAS 01/2003 01/2010 #"
"B4KKSI8FY6",1,1,,"TITLES","Lease: WHITEMAN GAS UNIT #1"
"B4KKSI8FY6",1,6,,"TITLES","Field: WHITE OAK CREEK (TRAVIS PEAK)"
"B4KKSI8FY6",1,11,,"TITLES","CHEROKEE , TX"
"B4KKSI8FY6",1,16,,"TITLES","Operator: MARATHON OIL CO"
"B4KKSI8FY6",4,3,"BUD2003","CUMS","5.734 2102.848"
"B4KKSI8FY6",4,4,"BUD2000","CUMS","5.443 1868.097"
"B4KKSI8FY6",4,5,"BUD2000","START","09/1999"
"B4KKSI8FY6",4,6,"BUD2000","GAS","9562.3 X M/M 05/2006 AD B/1.7231 10.718155"
"B4KKSI8FY6",4,7,"BUD2000","""","5700.6 X M/M 1325.755 IMU EXP 5.000000"
"B4KKSI8FY6",4,8,"BUD2000","START","09/1999"
"B4KKSI8FY6",4,9,"BUD2000","WTR","123.9 X B/M 5.403 IMU EXP 18.893180"
"B4KKSI8FY6",4,10,"BUD2000","START","09/1999"
"B4KKSI8FY6",4,11,"BUD2000","OIL/GAS","0.001038 0.0000001 B/M TO LIFE LOG TIME"
"B4KKSI8FY6",4,12,"BUD2003","START","01/2003"
"B4KKSI8FY6",4,13,"BUD2003","GAS","4163.36 X M/M 10/2024 AD B/0.6136 14.462273"
"B4KKSI8FY6",4,14,"BUD2003","""","626.63 X M/M 134.927 IMU EXP 5.000000"
"B4KKSI8FY6",4,15,"BUD2003","START","01/2003"
"B4KKSI8FY6",4,16,"BUD2003","WTR","61.6495 X B/M 1.865 IMU EXP 18.893180"
"B4KKSI8FY6",4,27,"BUD2003","START","01/2003"
"B4KKSI8FY6",4,28,"BUD2003","OIL/GAS","0.00070630 0.0000019 B/M TO LIFE LOG TIME"
"B4KKSI8FY6",5,2,"BUD2000","LOOKUP","OILPRICE @M.AREA @M.LIQ_GRAV"
"B4KKSI8FY6",5,3,"BUD2000","LOOKUP","GASPRICE @M.AREA"
"B4KKSI8FY6",6,6553,"LOE99","OPC/T","1232 X $/M TO LIFE ESC OPEX"
"B4KKSI8FY6",6,13106,"LOE99","OPC/GAS",".1568 X $/M TO LIFE ESC OPEX"
"B4KKSI8FY6",6,16382,,"OPC/WTR",".25 X $/B TO LIFE PC 0"
"B4KKSI8FY6",6,19659,,"LOOKUP","SEV @M.STATE"
"B4KKSI8FY6",6,26212,,"ATX","3"
"B4KKSI8FY6",7,3,"LGC","NET","49.81195 43.89581 43.89581 %"
"B4KKSI8FY6",9,2,"BUD2003","LOAD","MP.OIL OIL 01/2003 01/2010 #"
"B4KKSI8FY6",9,3,"BUD2003","LOAD","MP.GAS GAS 01/2003 01/2010 #"
"B4KKSJQCOL",1,1,,"TITLES","Lease: SAVAGE GAS UNIT"
"B4KKSJQCOL",1,6,,"TITLES","Field: BEAR GRASS (TRAVIS PEAK)"
"B4KKSJQCOL",1,11,,"TITLES","FREESTONE , TX"
"B4KKSJQCOL",1,16,,"TITLES","Operator: SONAT EXPL INC"
"B4KKSJQCOL",1,17,"LGC","TITLES","Lease: SAVAGE GAS UNIT"
"B4KKSJQCOL",1,22,"LGC","TITLES","Field: BEAR GRASS (TRAVIS PEAK)"
"B4KKSJQCOL",1,27,"LGC","TITLES","FREESTONE , @M.STATE"
"B4KKSJQCOL",1,32,"LGC","TITLES","Operator: ANADARKO PETROLEUM CORPORATION"
"B4KKSJQCOL",4,3,"BUD2003","CUMS","2.879 2859.697"
"B4KKSJQCOL",4,4,"BUD2000","CUMS","2.264 2416.842"
"B4KKSJQCOL",4,5,"BUD2000","START","09/1999"
"B4KKSJQCOL",4,6,"BUD2000","GAS","14822.7 X M/M 3023.15500 MMF EXP 24.826420"
"B4KKSJQCOL",4,7,"BUD2000","START","09/1999"
"B4KKSJQCOL",4,8,"BUD2000","OIL","19.5 X B/M 0.365 IMU EXP 27.621607"
"B4KKSJQCOL",4,9,"BUD2000","START","09/1999"
"B4KKSJQCOL",4,10,"BUD2000","WTR","351.5 X B/M 15.384 IMU EXP 22.240385"
"B4KKSJQCOL",4,11,"BUD2003","START","01/2003"
"B4KKSJQCOL",4,12,"BUD2003","GAS","10458.4 X M/M 631.369 IMU EXP 17.949822"
"B4KKSJQCOL",4,13,"BUD2003","START","01/2003"
"B4KKSJQCOL",4,14,"BUD2003","WTR","151.98 X B/M 5.866 IMU EXP 22.240385"
"B4KKSJQCOL",4,26,"BUD2003","START","01/2003"
"B4KKSJQCOL",4,27,"BUD2003","OIL/GAS","0.00119786 0.00035963 B/M TO LIFE LOG TIME"
"B4KKSJQCOL",5,2,"BUD2000","LOOKUP","OILPRICE @M.AREA @M.LIQ_GRAV"
"B4KKSJQCOL",5,3,"BUD2000","LOOKUP","GASPRICE @M.AREA"
"B4KKSJQCOL",6,10922,"LOE99","OPC/T","5400"
"B4KKSJQCOL",6,13652,,"OPC/WTR",".25 X $/B TO LIFE PC 0"
"B4KKSJQCOL",6,16383,,"LOOKUP","SEV @M.STATE"
"B4KKSJQCOL",6,19113,,"ATX","2.90"
"B4KKSJQCOL",7,3,"LGC","NET","48.33634 42.52856 42.52856 %"
"B4KKSJQCOL",9,2,"BUD2003","LOAD","MP.OIL OIL 01/2003 01/2010 #"
"B4KKSJQCOL",9,3,"BUD2003","LOAD","MP.GAS GAS 01/2003 01/2010 #"
"B4KKSKGDZ3",1,1,,"TITLES","Lease: NEW BIRMINGHAM B GAS UNIT #2"
"B4KKSKGDZ3",1,6,,"TITLES","Field: WHITE OAK CREEK (TRAVIS PEAK)"
"B4KKSKGDZ3",1,11,,"TITLES","CHEROKEE , TX"
"B4KKSKGDZ3",1,16,,"TITLES","Operator: MARATHON OIL CO"
"B4KKSKGDZ3",4,3,"BUD2003","CUMS","8.826 2091.878"
"B4KKSKGDZ3",4,4,"BUD2000","CUMS","7.931 1682.698"
"B4KKSKGDZ3",4,5,"BUD2000","START","09/1999"
"B4KKSKGDZ3",4,6,"BUD2000","GAS","15715.2 X M/M 01/2007 AD B/1.8818 14.163520"
"B4KKSKGDZ3",4,7,"BUD2000","""","8148.5 X M/M 1895.045 IMU EXP 5.000000"
"B4KKSKGDZ3",4,8,"BUD2000","START","09/1999"
"B4KKSKGDZ3",4,9,"BUD2000","OIL","17.4 X B/M 05/2015 AD B/1.0515 24.621443"
"B4KKSKGDZ3",4,10,"BUD2000","""","2.968 X B/M 0.461 IMU EXP 5.000000"
"B4KKSKGDZ3",4,11,"BUD2000","START","09/1999"
"B4KKSKGDZ3",4,12,"BUD2000","WTR","310.3 X B/M 8.722 IMU EXP 32.033054"
"B4KKSKGDZ3",4,13,"BUD2000","WTR","310.3 X B/M 8.722 IMU EXP 32.033054"
"B4KKSKGDZ3",4,14,"BUD2003","START","1/2003"
"B4KKSKGDZ3",4,15,"BUD2003","GAS","6203.00 X M/M 272.862 IMU EXP 23.708601"
"B4KKSKGDZ3",4,26,"BUD2003","START","1/2003"
"B4KKSKGDZ3",4,27,"BUD2003","OIL","8.3887 X B/M 5/2015 AD B/1.0515 13.213993"
"B4KKSKGDZ3",4,28,"BUD2003","""","2.9680 X B/M 0.462 IMU EXP 5.000000"
"B4KKSKGDZ3",5,2,"BUD2000","LOOKUP","OILPRICE @M.AREA @M.LIQ_GRAV"
"B4KKSKGDZ3",5,3,"BUD2000","LOOKUP","GASPRICE @M.AREA"
"B4KKSKGDZ3",6,6553,"LOE99","OPC/T","1250 X $/M TO LIFE ESC OPEX"
"B4KKSKGDZ3",6,13106,"LOE99","OPC/GAS",".0864 X $/M TO LIFE ESC OPEX"
"B4KKSKGDZ3",6,16382,,"OPC/WTR",".25 X $/B TO LIFE PC 0"
"B4KKSKGDZ3",6,19659,,"LOOKUP","SEV @M.STATE"
"B4KKSKGDZ3",6,26212,,"ATX","3"
"B4KKSKGDZ3",7,3,"LGC","NET","50.360990 44.44220 44.44220 %"
"B4KKSKGDZ3",9,2,"BUD2003","LOAD","MP.OIL OIL 01/2003 01/2010 #"
"B4KKSKGDZ3",9,3,"BUD2003","LOAD","MP.GAS GAS 01/2003 01/2010 #"
"B4KKSL4E10",1,1,,"TITLES","Lease: NEW BIRMINGHAM B GAS UNIT #1"
"B4KKSL4E10",1,6,,"TITLES","Field: WHITE OAK CREEK (TRAVIS PEAK)"
"B4KKSL4E10",1,11,,"TITLES","CHEROKEE , TX"
"B4KKSL4E10",1,16,,"TITLES","Operator: MARATHON OIL CO"
"B4KKSL4E10",4,3,"BUD2003","CUMS","2.199 2323.945"
"B4KKSL4E10",4,4,"BUD2000","CUMS","1.606 1668.185"
"B4KKSL4E10",4,5,"BUD2000","START","09/1999"
"B4KKSL4E10",4,6,"BUD2000","GAS","24960.6 X M/M 03/2013 AD B/1.1578 20.225191"
"B4KKSL4E10",4,7,"BUD2000","""","6177.2 X M/M 1436.584 IMU EXP 5.000000"
"B4KKSL4E10",4,8,"BUD2000","START","09/1999"
"B4KKSL4E10",4,9,"BUD2000","WTR","346.6 X B/M 13.544 IMU EXP 24.478501"
"B4KKSL4E10",4,10,"BUD2000","START","09/1999"
"B4KKSL4E10",4,11,"BUD2000","OIL/GAS","0.000797 0.00001403 B/M TO LIFE LOG TIME"
"B4KKSL4E10",4,12,"BUD2003","START","1/2003"
"B4KKSL4E10",4,13,"BUD2003","GAS","11862.2 X M/M 5/2017 AD B/0.9033 13.423183"
"B4KKSL4E10",4,14,"BUD2003","""","3509.22 X M/M 809.303 IMU EXP 5.000000"
"B4KKSL4E10",4,15,"BUD2003","START","1/2003"
"B4KKSL4E10",4,16,"BUD2003","WTR","135.96 X B/M 4.541 IMU EXP 24.478501"
"B4KKSL4E10",4,29,"BUD2003","START","1/2003"
"B4KKSL4E10",4,30,"BUD2003","OIL/GAS","0.00069659 0.00001366 B/M TO LIFE LOG TIME"
"B4KKSL4E10",5,2,"BUD2000","LOOKUP","OILPRICE @M.AREA @M.LIQ_GRAV"
"B4KKSL4E10",5,3,"BUD2000","LOOKUP","GASPRICE @M.AREA"
"B4KKSL4E10",6,5461,"LOE99","OPC/T","09/1999 4*1200 12*1250 12*1310 12*1300 #"
"B4KKSL4E10",6,10922,"LOE99","""","X X $/M TO LIFE ESC OPEX"
"B4KKSL4E10",6,16383,"LOE99","OPC/GAS",".1568 X $/M TO LIFE ESC OPEX"
"B4KKSL4E10",6,19113,,"OPC/WTR",".25 X $/B TO LIFE PC 0"
"B4KKSL4E10",6,21844,,"LOOKUP","SEV @M.STATE"
"B4KKSL4E10",6,27305,,"ATX","3"
"B4KKSL4E10",7,3,"LGC","NET","48.33634 42.52856 42.52856 %"
"B4KKSL4E10",9,2,"BUD2003","LOAD","MP.OIL OIL 01/2003 01/2010 #"
"B4KKSL4E10",9,3,"BUD2003","LOAD","MP.GAS GAS 01/2003 01/2010 #"
"B4KKSLGBPI",1,1,,"TITLES","Lease: SAVAGE GAS UNIT"
"B4KKSLGBPI",1,6,,"TITLES","Field: BEAR GRASS (TRAVIS PEAK)"
"B4KKSLGBPI",1,11,,"TITLES","LEON , TX"
"B4KKSLGBPI",1,16,,"TITLES","Operator: SONAT EXPL INC"
"B4KKSLGBPI",1,17,"LGC","TITLES","Lease: SAVAGE GAS UNIT"
"B4KKSLGBPI",1,22,"LGC","TITLES","Field: BEAR GRASS (TRAVIS PEAK)"
"B4KKSLGBPI",1,27,"LGC","TITLES","LEON , @M.STATE"
"B4KKSLGBPI",1,32,"LGC","TITLES","Operator: ANADARKO PETROLEUM CORPORATION"
"B4KKSLGBPI",4,1,"DEFAULT","CUMS","5.832 2349.768 "
"B4KKSLGBPI",4,2,"DEFAULT","START","11/1994"
"B4KKSLGBPI",4,3,"DEFAULT","GAS","3381.22 X M/M 43.826 IMU EXP 59.856948"
"B4KKSLGBPI",4,4,"DEFAULT","START","11/1994"
"B4KKSLGBPI",4,5,"DEFAULT","OIL","16.3300 X B/M 0.402 IMU EXP 28.742538"
"B4KKSLGBPI",5,2,"BUD2000","LOOKUP","OILPRICE @M.AREA @M.LIQ_GRAV"
"B4KKSLGBPI",5,3,"BUD2000","LOOKUP","GASPRICE @M.AREA"
"B4KKSLGBPI",6,2,,"LOOKUP","SEV @M.STATE"
"B4KKSLGBPI",6,3,,"ATX","3"
"B4KKSLGBPI",9,2,"BUD2003","LOAD","MP.OIL OIL 01/2003 01/2010 #"
"B4KKSLGBPI",9,3,"BUD2003","LOAD","MP.GAS GAS 01/2003 01/2010 #"
"B4KKSMSE2Z",1,1,,"TITLES","Lease: NEW BIRMINGHAM B GAS UNIT #3"
"B4KKSMSE2Z",1,6,,"TITLES","Field: WHITE OAK CREEK (TRAVIS PEAK)"
"B4KKSMSE2Z",1,11,,"TITLES","CHEROKEE , TX"
"B4KKSMSE2Z",1,16,,"TITLES","Operator: MARATHON OIL CO"
"B4KKSMSE2Z",4,3,"BUD2003","CUMS","3.158 1880.703"
"B4KKSMSE2Z",4,4,"BUD2000","CUMS","2.434 1606.302"
"B4KKSMSE2Z",4,5,"BUD2000","START","09/1999"
"B4KKSMSE2Z",4,6,"BUD2000","GAS","12690.3 X M/M 10/2006 AD B/1.8616 13.018794"
"B4KKSMSE2Z",4,7,"BUD2000","""","6910.7 X M/M 1607.174 IMU EXP 5.000000"
"B4KKSMSE2Z",4,8,"BUD2000","START","09/1999"
"B4KKSMSE2Z",4,9,"BUD2000","WTR","328.3 X B/M 13.804 IMU EXP 22.912694"
"B4KKSMSE2Z",4,10,"BUD2000","START","09/1999"
"B4KKSMSE2Z",4,11,"BUD2000","OIL/GAS","0.001435 0.00649957 B/M TO LIFE LOG TIME"
"B4KKSMSE2Z",4,12,"BUD2003","START","1/2003"
"B4KKSMSE2Z",4,13,"BUD2003","GAS","5685.72 X M/M 9/2026 AD B/0.5767 15.067118"
"B4KKSMSE2Z",4,14,"BUD2003","""","703.40 X M/M 152.885 IMU EXP 5.000000"
"B4KKSMSE2Z",4,15,"BUD2003","START","1/2003"
"B4KKSMSE2Z",4,16,"BUD2003","WTR","137.89 X B/M 5.024 IMU EXP 22.912694"
"B4KKSMSE2Z",4,30,"BUD2003","START","1/2003"
"B4KKSMSE2Z",4,31,"BUD2003","OIL/GAS","0.00150911 0.00470310 B/M TO LIFE LOG TIME"
"B4KKSMSE2Z",5,2,"BUD2000","LOOKUP","OILPRICE @M.AREA @M.LIQ_GRAV"
"B4KKSMSE2Z",5,3,"BUD2000","LOOKUP","GASPRICE @M.AREA"
"B4KKSMSE2Z",6,6553,"LOE99","OPC/T","1410 X $/M TO LIFE ESC OPEX"
"B4KKSMSE2Z",6,13106,"LOE99","OPC/GAS",".0864 X $/M TO LIFE ESC OPEX"
"B4KKSMSE2Z",6,16382,,"OPC/WTR",".25 X $/B TO LIFE PC 0"
"B4KKSMSE2Z",6,19659,,"LOOKUP","SEV @M.STATE"
"B4KKSMSE2Z",6,26212,,"ATX","3"
"B4KKSMSE2Z",7,3,"LGC","NET","49.81195 43.89581 43.89581 %"
"B4KKSMSE2Z",8,16383,,"CAPITAL","225 100 G 0 YRS"
"B4KKSMSE2Z",9,2,"BUD2003","LOAD","MP.OIL OIL 01/2003 01/2010 #"
"B4KKSMSE2Z",9,3,"BUD2003","LOAD","MP.GAS GAS 01/2003 01/2010 #"
"B4KKSNGF3W",1,1,,"TITLES","Lease: NEW BIRMINGHAM B GAS UNIT #3"
"B4KKSNGF3W",1,6,,"TITLES","Field: WHITE OAK CREEK (TRAVIS PEAK)"
"B4KKSNGF3W",1,11,,"TITLES","CHEROKEE , TX"
"B4KKSNGF3W",1,16,,"TITLES","Operator: MARATHON OIL CO"
"B4KKSNGF3W",4,3,"BUD2003","CUMS","0.807 408.832"
"B4KKSNGF3W",4,4,"BUD2000","CUMS","0.425 311.424"
"B4KKSNGF3W",4,5,"BUD2000","START","09/1999"
"B4KKSNGF3W",4,6,"BUD2000","GAS","3648.0 X M/M 07/2009 AD B/1.4543 15.702599"
"B4KKSNGF3W",4,7,"BUD2000","""","1463.9 X M/M 340.145 IMU EXP 5.000000"
"B4KKSNGF3W",4,8,"BUD2000","START","09/1999"
"B4KKSNGF3W",4,9,"BUD2000","WTR","346.7 X B/M 655.818 IMU EXP -0.952520"
"B4KKSNGF3W",4,10,"BUD2000","START","09/1999"
"B4KKSNGF3W",4,11,"BUD2000","OIL/GAS","0.000953 0.0000001 B/M TO LIFE LOG TIME"
"B4KKSNGF3W",4,12,"BUD2003","START","01/2003"
"B4KKSNGF3W",4,13,"BUD2003","GAS","1725.96 X M/M 08/2017 AD B/0.8741 13.015660"
"B4KKSNGF3W",4,14,"BUD2003","""","512.48 X M/M 108.224 IMU EXP 5.000000"
"B4KKSNGF3W",4,15,"BUD2003","START","01/2003"
"B4KKSNGF3W",4,16,"BUD2003","WTR","86.7220 X B/M 2.930 IMU EXP 20.800409"
"B4KKSNGF3W",4,26,"BUD2003","START","01/2003"
"B4KKSNGF3W",4,27,"BUD2003","OIL/GAS","0.00065031 0.00000067 B/M TO LIFE LOG TIME"
"B4KKSNGF3W",5,2,"BUD2000","LOOKUP","OILPRICE @M.AREA @M.LIQ_GRAV"
"B4KKSNGF3W",5,3,"BUD2000","LOOKUP","GASPRICE @M.AREA"
"B4KKSNGF3W",6,6553,"LOE99","OPC/T","1310 X $/M TO LIFE ESC OPEX"
"B4KKSNGF3W",6,13106,"LOE99","OPC/GAS",".0864 X $/M TO LIFE ESC OPEX"
"B4KKSNGF3W",6,16382,,"OPC/WTR",".25 X $/B TO LIFE PC 0"
"B4KKSNGF3W",6,19659,,"LOOKUP","SEV @M.STATE"
"B4KKSNGF3W",6,26212,,"ATX","3"
"B4KKSNGF3W",7,3,"LGC","NET","38.875 32.3958 %"
"B4KKSNGF3W",9,2,"BUD2003","LOAD","MP.OIL OIL 01/2003 01/2010 #"
"B4KKSNGF3W",9,3,"BUD2003","LOAD","MP.GAS GAS 01/2003 01/2010 #"
"B4KKSO2BQD",1,1,,"TITLES","Lease: VARIBUS"
"B4KKSO2BQD",1,6,,"TITLES","Field: BEAR GRASS (TRAVIS PEAK)"
"B4KKSO2BQD",1,11,,"TITLES","FREESTONE , TX"
"B4KKSO2BQD",1,16,,"TITLES","Operator: SONAT EXPL INC"
"B4KKSO2BQD",1,17,"LGC","TITLES","Lease: VARIBUS"
"B4KKSO2BQD",1,22,"LGC","TITLES","Field: BEAR GRASS (TRAVIS PEAK)"
"B4KKSO2BQD",1,27,"LGC","TITLES","FREESTONE , @M.STATE"
"B4KKSO2BQD",1,32,"LGC","TITLES","Operator: HUNT PETROLEUM CORPORATION"
"B4KKSO2BQD",4,3,"BUD2003","CUMS","5.205 2621.960"
"B4KKSO2BQD",4,4,"BUD2000","CUMS","4.756 2334.712"
"B4KKSO2BQD",4,5,"BUD2000","START","09/1999"
"B4KKSO2BQD",4,6,"BUD2000","GAS","8134.6 X M/M 378.145 IMU EXP 15.900355"
"B4KKSO2BQD",4,7,"BUD2000","START","09/1999"
"B4KKSO2BQD",4,8,"BUD2000","OIL/GAS","0.001501 0.00122828 B/M TO LIFE LOG TIME"
"B4KKSO2BQD",4,9,"BUD2003","START","01/2003"
"B4KKSO2BQD",4,10,"BUD2003","GAS","4567.20 X M/M 133.594 IMU EXP 15.900355"
"B4KKSO2BQD",4,17,"BUD2003","START","01/2003"
"B4KKSO2BQD",4,18,"BUD2003","OIL/GAS","0.00135432 0.00122828 B/M TO LIFE LOG TIME"
"B4KKSO2BQD",5,2,"BUD2000","LOOKUP","OILPRICE @M.AREA @M.LIQ_GRAV"
"B4KKSO2BQD",5,3,"BUD2000","LOOKUP","GASPRICE @M.AREA"
"B4KKSO2BQD",6,10922,"LOE99","OPC/T","3700"
"B4KKSO2BQD",6,16383,,"LOOKUP","SEV @M.STATE"
"B4KKSO2BQD",6,19113,,"ATX","2.90"
"B4KKSO2BQD",7,3,"LGC","NET","75 63 %"
"B4KKSO2BQD",9,2,"BUD2003","LOAD","MP.OIL OIL 01/2003 01/2010 #"
"B4KKSO2BQD",9,3,"BUD2003","LOAD","MP.GAS GAS 01/2003 01/2010 #"
"B4KKSOMF4U",1,1,,"TITLES","Lease: HOLCOMB-LITTLE"
"B4KKSOMF4U",1,6,,"TITLES","Field: WHITE OAK CREEK (TRAVIS PEAK)"
"B4KKSOMF4U",1,11,,"TITLES","CHEROKEE , TX"
"B4KKSOMF4U",1,16,,"TITLES","Operator: SONAT EXPL INC"
"B4KKSOMF4U",4,3,"BUD2003","CUMS","0.765 1974.559"
"B4KKSOMF4U",4,4,"BUD2000","CUMS","0.715 1901.148"
"B4KKSOMF4U",4,5,"BUD2000","START","09/1999"
"B4KKSOMF4U",4,6,"BUD2000","GAS","3626.6 X M/M 183.266 IMU EXP 17.123903"
"B4KKSOMF4U",4,7,"BUD2000","START","09/1999"
"B4KKSOMF4U",4,8,"BUD2000","OIL","4.256 X B/M 1.122 IMU EXP 4.338934"
"B4KKSOMF4U",4,9,"BUD2003","START","1/2003"
"B4KKSOMF4U",4,10,"BUD2003","GAS","1000.06 X M/M 35.685 IMU EXP 27.365594"
"B4KKSOMF4U",4,19,"BUD2003","START","1/2003"
"B4KKSOMF4U",4,20,"BUD2003","OIL","3.6710 X B/M 0.964 IMU EXP 4.338934"
"B4KKSOMF4U",5,2,"BUD2000","LOOKUP","OILPRICE @M.AREA @M.LIQ_GRAV"
"B4KKSOMF4U",5,3,"BUD2000","LOOKUP","GASPRICE @M.AREA"
"B4KKSOMF4U",6,3,"LOE99","OPC/T","09/1999 4*2500 12*2500 #"
"B4KKSOMF4U",6,5,"LOE99","""","X X $/M TO LIFE ESC OPEX"
"B4KKSOMF4U",6,6,,"LOOKUP","SEV @M.STATE"
"B4KKSOMF4U",6,7,,"ATX","3"
"B4KKSOMF4U",7,3,"LGC","NET","100 80 %"
"B4KKSOMF4U",9,2,"BUD2003","LOAD","MP.OIL OIL 01/2003 01/2010 #"
"B4KKSOMF4U",9,3,"BUD2003","LOAD","MP.GAS GAS 01/2003 01/2010 #"
"B4KKSQMDRA",1,1,,"TITLES","Lease: COX, WELDON GAS UNIT"
"B4KKSQMDRA",1,6,,"TITLES","Field: BEAR GRASS (TRAVIS PEAK)"
"B4KKSQMDRA",1,11,,"TITLES","LEON , TX"
"B4KKSQMDRA",1,16,,"TITLES","Operator: SONAT EXPL INC"
"B4KKSQMDRA",4,20,"WORKOVER","CUMS","7.114 1975.023"
"B4KKSQMDRA",4,80,"BUD2000","CUMS","7.114 1975.023"
"B4KKSQMDRA",4,100,"BASE","CUMS","7.114 1975.023"
"B4KKSQMDRA",4,120,"BASE","START","09/1999"
"B4KKSQMDRA",4,140,"BASE","GAS","3650.48 X M/M 220.313 IMU EXP 17.809687"
"B4KKSQMDRA",4,160,"BASE","START","09/1999"
"B4KKSQMDRA",4,180,"BASE","OIL/GAS","0.00252377 0.00157579 B/M TO LIFE LOG TIME"
"B4KKSQMDRA",4,200,"BUD2000","START","09/1999"
"B4KKSQMDRA",4,220,"BUD2000","GAS","3918.2 X M/M 2512.20779 MMF EXP 8.360153"
"B4KKSQMDRA",4,240,"BUD2000","START","09/1999"
"B4KKSQMDRA",4,260,"BUD2000","OIL/GAS","0.002524 0.00145633 B/M TO LIFE LOG TIME"
"B4KKSQMDRA",4,270,"BUD2003","START","01/2003"
"B4KKSQMDRA",4,275,"BUD2003","GAS","0 0 M/M 0 YRS FLAT 0"
"B4KKSQMDRA",4,440,"WORKOVER","START","09/1999"
"B4KKSQMDRA",4,460,"WORKOVER","GAS","3650.48 X M/M 01/2001 AD EXP 17.809687"
"B4KKSQMDRA",4,480,"WORKOVER","""","6000.00 X M/M 320.000 IMU EXP 20.000000"
"B4KKSQMDRA",4,500,"WORKOVER","START","09/1999"
"B4KKSQMDRA",4,520,"WORKOVER","OIL/GAS","0.00252377 0.00154506 B/M TO LIFE LOG TIME"
"B4KKSQMDRA",5,2,"BUD2000","LOOKUP","OILPRICE @M.AREA @M.LIQ_GRAV"
"B4KKSQMDRA",5,3,"BUD2000","LOOKUP","GASPRICE @M.AREA"
"B4KKSQMDRA",6,5,"LOE99","OPC/T","2900 X $/M TO LIFE ESC OPEX"
"B4KKSQMDRA",6,6,,"LOOKUP","SEV @M.STATE"
"B4KKSQMDRA",6,7,,"ATX","3"
"B4KKSQMDRA",7,3,"LGC","NET","100 85 %"
"B4KKSQMDRA",9,2,"BUD2003","LOAD","MP.OIL OIL 01/2003 01/2010 #"
"B4KKSQMDRA",9,3,"BUD2003","LOAD","MP.GAS GAS 01/2003 01/2010 #"
"B4KKSS8F5L",1,1,,"TITLES","Lease: LITTLE"
"B4KKSS8F5L",1,6,,"TITLES","Field: WHITE OAK CREEK (TRAVIS PEAK)"
"B4KKSS8F5L",1,11,,"TITLES","CHEROKEE , TX"
"B4KKSS8F5L",1,16,,"TITLES","Operator: SONAT EXPL INC"
"B4KKSS8F5L",4,3,"BUD2003","CUMS","3.154 1858.636"
"B4KKSS8F5L",4,4,"BUD2000","CUMS","3.081 1808.580"
"B4KKSS8F5L",4,5,"BUD2000","START","09/1999"
"B4KKSS8F5L",4,6,"BUD2000","GAS","4269.5 X M/M 522.675 IMU EXP 8.358293"
"B4KKSS8F5L",4,7,"BUD2000","START","09/1999"
"B4KKSS8F5L",4,8,"BUD2000","OIL/GAS","0.003485 0.00210777 B/M TO LIFE LOG TIME"
"B4KKSS8F5L",4,9,"BUD2003","START","1/2003"
"B4KKSS8F5L",4,10,"BUD2003","GAS","702.99 X M/M 21.088 IMU EXP 31.082694"
"B4KKSS8F5L",4,20,"BUD2003","START","1/2003"
"B4KKSS8F5L",4,21,"BUD2003","OIL/GAS","0.00326259 0.00283131 B/M TO LIFE LOG TIME"
"B4KKSS8F5L",5,2,"BUD2000","LOOKUP","OILPRICE @M.AREA @M.LIQ_GRAV"
"B4KKSS8F5L",5,3,"BUD2000","LOOKUP","GASPRICE @M.AREA"
"B4KKSS8F5L",6,5,"LOE99","OPC/T","3500 X $/M TO LIFE ESC OPEX"
"B4KKSS8F5L",6,6,,"LOOKUP","SEV @M.STATE"
"B4KKSS8F5L",6,7,,"ATX","3"
"B4KKSS8F5L",7,3,"LGC","NET","62.5 52.0833 %"
"B4KKSS8F5L",9,2,"BUD2003","LOAD","MP.OIL OIL 01/2003 01/2010 #"
"B4KKSS8F5L",9,3,"BUD2003","LOAD","MP.GAS GAS 01/2003 01/2010 #"
"B4KKT3QC6E",1,1,,"TITLES","Lease: HOLCOMB-LITTLE"
"B4KKT3QC6E",1,6,,"TITLES","Field: WHITE OAK CREEK (TRAVIS PEAK)"
"B4KKT3QC6E",1,11,,"TITLES","CHEROKEE , TX"
"B4KKT3QC6E",1,16,,"TITLES","Operator: SONAT EXPL INC"
"B4KKT3QC6E",4,3,"BUD2003","CUMS","1.671 1650.611"
"B4KKT3QC6E",4,4,"BUD2000","CUMS","1.567 1581.653"
"B4KKT3QC6E",4,5,"BUD2000","START","09/1999"
"B4KKT3QC6E",4,6,"BUD2000","GAS","2219.3 X M/M 173.366 IMU EXP 13.688691"
"B4KKT3QC6E",4,7,"BUD2000","START","09/1999"
"B4KKT3QC6E",4,8,"BUD2000","OIL","6.793 X B/M 0.159 IMU EXP 39.976947"
"B4KKT3QC6E",4,9,"BUD2003","START","1/2003"
"B4KKT3QC6E",4,10,"BUD2003","GAS","1339.42 X M/M 2/2012 AD B/1.0831 9.402438"
"B4KKT3QC6E",4,11,"BUD2003","""","695.16 X M/M 150.946 IMU EXP 5.000000"
"B4KKT3QC6E",4,20,"BUD2003","START","1/2003"
"B4KKT3QC6E",4,21,"BUD2003","OIL","1.2391 X B/M 0.028 IMU EXP 39.976947"
"B4KKT3QC6E",5,2,"BUD2000","LOOKUP","OILPRICE @M.AREA @M.LIQ_GRAV"
"B4KKT3QC6E",5,3,"BUD2000","LOOKUP","GASPRICE @M.AREA"
"B4KKT3QC6E",6,3,"LOE99","OPC/T","2500 X $/M TO LIFE ESC OPEX"
"B4KKT3QC6E",6,4,,"LOOKUP","SEV @M.STATE"
"B4KKT3QC6E",6,5,,"ATX","3"
"B4KKT3QC6E",7,3,"LGC","NET","50 42.5 %"
"B4KKT3QC6E",8,16383,,"CAPITAL","225 100 G 0 YRS"
"B4KKT3QC6E",9,2,"BUD2003","LOAD","MP.OIL OIL 01/2003 01/2010 #"
"B4KKT3QC6E",9,3,"BUD2003","LOAD","MP.GAS GAS 01/2003 01/2010 #"
"B4KKT70D77",1,1,,"TITLES","Lease: LITTLE"
"B4KKT70D77",1,6,,"TITLES","Field: WHITE OAK CREEK (TRAVIS PEAK)"
"B4KKT70D77",1,11,,"TITLES","CHEROKEE , TX"
"B4KKT70D77",1,16,,"TITLES","Operator: SONAT EXPL INC"
"B4KKT70D77",4,3,"BUD2003","CUMS","1.365 1522.460"
"B4KKT70D77",4,4,"BUD2000","CUMS","0.0 1454.591"
"B4KKT70D77",4,5,"BUD2000","START","09/1999"
"B4KKT70D77",4,6,"BUD2000","GAS","2371.8 X M/M 142.335 IMU EXP 16.232591"
"B4KKT70D77",4,7,"BUD2000","OIL/GAS","0.001053 0.00073005 B/M TO LIFE LOG TIME"
"B4KKT70D77",4,8,"BUD2003","START","1/2003"
"B4KKT70D77",4,9,"BUD2003","GAS","1314.20 X M/M 70.684 IMU EXP 16.232591"
"B4KKT70D77",4,18,"BUD2003","START","1/2003"
"B4KKT70D77",4,19,"BUD2003","OIL/GAS","0.00095311 0.00073005 B/M TO LIFE LOG TIME"
"B4KKT70D77",5,2,"BUD2000","LOOKUP","OILPRICE @M.AREA @M.LIQ_GRAV"
"B4KKT70D77",5,3,"BUD2000","LOOKUP","GASPRICE @M.AREA"
"B4KKT70D77",6,3,"LOE99","OPC/T","01/1999 12*2360 12*2551 12*2798 12*4250 #"
"B4KKT70D77",6,5,"LOE99","""","X X $/M TO LIFE ESC OPEX"
"B4KKT70D77",6,6,,"LOOKUP","SEV @M.STATE"
"B4KKT70D77",6,7,,"ATX","3"
"B4KKT70D77",7,3,"LGC","NET","100 82.5 %"
"B4KKT70D77",9,2,"BUD2003","LOAD","MP.OIL OIL 01/2003 01/2010 #"
"B4KKT70D77",9,3,"BUD2003","LOAD","MP.GAS GAS 01/2003 01/2010 #"
"B4KKTB2D80",1,1,,"TITLES","Lease: HOLCOMB"
"B4KKTB2D80",1,6,,"TITLES","Field: WHITE OAK CREEK (TRAVIS PEAK)"
"B4KKTB2D80",1,11,,"TITLES","CHEROKEE , TX"
"B4KKTB2D80",1,16,,"TITLES","Operator: SONAT EXPL INC"
"B4KKTB2D80",4,1,"BUD2003","CUMS","0.0 1455.862"
"B4KKTB2D80",4,4,"BUD2000","CUMS","0.0 1414.009"
"B4KKTB2D80",4,5,"BUD2000","START","09/1999"
"B4KKTB2D80",4,6,"BUD2000","GAS","1722.8 X M/M 116.578 IMU EXP 12.526852"
"B4KKTB2D80",4,12,"BUD2003","START","1/2003"
"B4KKTB2D80",4,13,"BUD2003","GAS","335.23 X M/M 6.711 IMU EXP 40.031616"
"B4KKTB2D80",5,2,"BUD2000","LOOKUP","OILPRICE @M.AREA @M.LIQ_GRAV"
"B4KKTB2D80",5,3,"BUD2000","LOOKUP","GASPRICE @M.AREA"
"B4KKTB2D80",6,3,"LOE99","OPC/T","01/1999 2038 2179 2360 2551 2798 #/Y"
"B4KKTB2D80",6,5,"LOE99","""","X 2511 #/Y"
"B4KKTB2D80",6,7,"LOE99","""","X X $/M TO LIFE ESC OPEX"
"B4KKTB2D80",6,8,,"LOOKUP","SEV @M.STATE"
"B4KKTB2D80",6,9,,"ATX","3"
"B4KKTB2D80",7,3,"LGC","NET","50 41.25 %"
"B4KKTB2D80",9,2,"BUD2003","LOAD","MP.OIL OIL 01/2003 01/2010 #"
"B4KKTB2D80",9,3,"BUD2003","LOAD","MP.GAS GAS 01/2003 01/2010 #"
"B4KKTG4B9T",1,1,,"TITLES","Lease: GARDINER ESTATE"
"B4KKTG4B9T",1,6,,"TITLES","Field: WHITE OAK CREEK (TRAVIS PEAK)"
"B4KKTG4B9T",1,11,,"TITLES","CHEROKEE , TX"
"B4KKTG4B9T",1,16,,"TITLES","Operator: SONAT EXPL INC"
"B4KKTG4B9T",4,3,"BUD2003","CUMS","0.751 1185.709"
"B4KKTG4B9T",4,4,"BUD2000","CUMS","0.667 1153.475"
"B4KKTG4B9T",4,5,"BUD2000","START","06/1999"
"B4KKTG4B9T",4,6,"BUD2000","GAS","1016.7 X M/M 64.596 IMU EXP 16.447915"
"B4KKTG4B9T",4,7,"BUD2000","START","06/1999"
"B4KKTG4B9T",4,8,"BUD2000","OIL/GAS","0.002964 0.00060776 B/M TO LIFE LOG TIME"
"B4KKTG4B9T",4,9,"BUD2003","START","1/2003"
"B4KKTG4B9T",4,10,"BUD2003","GAS","534.00 X M/M 32.362 IMU EXP 16.447915"
"B4KKTG4B9T",4,18,"BUD2003","START","1/2003"
"B4KKTG4B9T",4,19,"BUD2003","OIL/GAS","0.00211540 0.00060776 B/M TO LIFE LOG TIME"
"B4KKTG4B9T",5,2,"BUD2000","LOOKUP","OILPRICE @M.AREA @M.LIQ_GRAV"
"B4KKTG4B9T",5,3,"BUD2000","LOOKUP","GASPRICE @M.AREA"
"B4KKTG4B9T",6,7,"LOE99","OPC/T","3894 X $/M TO LIFE ESC OPEX"
"B4KKTG4B9T",6,8,,"LOOKUP","SEV @M.STATE"
"B4KKTG4B9T",6,9,,"ATX","3"
"B4KKTG4B9T",7,3,"LGC","NET","100 82.5 %"
"B4KKTG4B9T",9,2,"BUD2003","LOAD","MP.OIL OIL 01/2003 01/2010 #"
"B4KKTG4B9T",9,3,"BUD2003","LOAD","MP.GAS GAS 01/2003 01/2010 #"
"B4KKTK4CAM",1,1,,"TITLES","Lease: WILCOX, L. L. GAS UNIT"
"B4KKTK4CAM",1,6,,"TITLES","Field: WHITE OAK CREEK (TRAVIS PEAK)"
"B4KKTK4CAM",1,11,,"TITLES","CHEROKEE , TX"
"B4KKTK4CAM",1,16,,"TITLES","Operator: SONAT EXPL INC"
"B4KKTK4CAM",4,3,"BUD2003","CUMS","0.524 726.577"
"B4KKTK4CAM",4,4,"BUD2000","CUMS","0.481 687.696"
"B4KKTK4CAM",4,5,"BUD2000","START","09/1999"
"B4KKTK4CAM",4,6,"BUD2000","GAS","1240.0 X M/M 07/2009 AD B/0.8832 8.532159"
"B4KKTK4CAM",4,7,"BUD2000","""","635.0 X M/M 844.460 MMF EXP 5.000000"
"B4KKTK4CAM",4,8,"BUD2000","START","09/1999"
"B4KKTK4CAM",4,9,"BUD2000","OIL/GAS","0.000843 0.00031011 B/M TO LIFE LOG TIME"
"B4KKTK4CAM",4,10,"BUD2003","START","1/2003"
"B4KKTK4CAM",4,11,"BUD2003","GAS","943.33 X M/M 7/2009 AD B/0.8832 6.819411"
"B4KKTK4CAM",4,12,"BUD2003","""","635.00 X M/M 53.721 IMU EXP 5.000000"
"B4KKTK4CAM",4,20,"BUD2003","START","1/2003"
"B4KKTK4CAM",4,21,"BUD2003","OIL/GAS","0.00070457 0.00031011 B/M TO LIFE LOG TIME"
"B4KKTK4CAM",5,2,"BUD2000","LOOKUP","OILPRICE @M.AREA @M.LIQ_GRAV"
"B4KKTK4CAM",5,3,"BUD2000","LOOKUP","GASPRICE @M.AREA"
"B4KKTK4CAM",6,5,"LOE99","OPC/T","1500 X $/M TO LIFE ESC OPEX"
"B4KKTK4CAM",6,6,,"LOOKUP","SEV @M.STATE"
"B4KKTK4CAM",6,7,,"ATX","3"
"B4KKTK4CAM",7,3,"LGC","NET","100 82.5 %"
"B4KKTK4CAM",9,2,"BUD2003","LOAD","MP.OIL OIL 01/2003 01/2010 #"
"B4KKTK4CAM",9,3,"BUD2003","LOAD","MP.GAS GAS 01/2003 01/2010 #"
"B4KKTOECBH",1,1,,"TITLES","Lease: LITTLE"
"B4KKTOECBH",1,6,,"TITLES","Field: WHITE OAK CREEK (TRAVIS PEAK)"
"B4KKTOECBH",1,11,,"TITLES","CHEROKEE , TX"
"B4KKTOECBH",1,16,,"TITLES","Operator: SONAT EXPL INC"
"B4KKTOECBH",4,3,"BUD2003","CUMS","1.000 512.407"
"B4KKTOECBH",4,4,"BUD2000","CUMS","0.759 390.513"
"B4KKTOECBH",4,5,"BUD2000","START","09/1999"
"B4KKTOECBH",4,6,"BUD2000","GAS","10564.5 X M/M 12/2011 AD B/1.4000 28.373193"
"B4KKTOECBH",4,7,"BUD2000","""","2331.1 X M/M 542.129 IMU EXP 5.000000"
"B4KKTOECBH",4,8,"BUD2000","START","09/1999"
"B4KKTOECBH",4,9,"BUD2000","WTR","391.7 X B/M 9.664 IMU EXP 36.327853"
"B4KKTOECBH",4,10,"BUD2000","START","09/1999"
"B4KKTOECBH",4,11,"BUD2000","OIL/GAS","0.001383 0.00003859 B/M TO LIFE LOG TIME"
"B4KKTOECBH",4,12,"BUD2003","START","1/2003"
"B4KKTOECBH",4,13,"BUD2003","GAS","304.96 X M/M 5/2012 AD B/1.4000 13.120312"
"B4KKTOECBH",4,14,"BUD2003","""","138.11 X M/M 20.628 IMU EXP 5.000000"
"B4KKTOECBH",4,15,"BUD2003","START","1/2003"
"B4KKTOECBH",4,16,"BUD2003","WTR","86.9865 X B/M 1.564 IMU EXP 36.327853"
"B4KKTOECBH",4,29,"BUD2003","START","1/2003"
"B4KKTOECBH",4,30,"BUD2003","OIL/GAS","0.00122747 0.00043217 B/M TO LIFE LOG TIME"
"B4KKTOECBH",5,2,"BUD2000","LOOKUP","OILPRICE @M.AREA @M.LIQ_GRAV"
"B4KKTOECBH",5,3,"BUD2000","LOOKUP","GASPRICE @M.AREA"
"B4KKTOECBH",6,8191,"LOE99","OPC/T","3105 X $/M TO LIFE ESC OPEX"
"B4KKTOECBH",6,12286,,"OPC/WTR",".25 X $/B TO LIFE PC 0"
"B4KKTOECBH",6,16382,,"LOOKUP","SEV @M.STATE"
"B4KKTOECBH",6,24573,,"ATX","3"
"B4KKTOECBH",7,3,"LGC","NET","100 82.5 %"
"B4KKTOECBH",9,2,"BUD2003","LOAD","MP.OIL OIL 01/2003 01/2010 #"
"B4KKTOECBH",9,3,"BUD2003","LOAD","MP.GAS GAS 01/2003 01/2010 #"
"B4KKTPEBCF",1,1,,"TITLES","Lease: LITTLE"
"B4KKTPEBCF",1,6,,"TITLES","Field: WHITE OAK CREEK (TRAVIS PEAK)"
"B4KKTPEBCF",1,11,,"TITLES","CHEROKEE , TX"
"B4KKTPEBCF",1,16,,"TITLES","Operator: SONAT EXPL INC"
"B4KKTPEBCF",4,3,"BUD2003","CUMS","0.352 548.015"
"B4KKTPEBCF",4,4,"BUD2000","CUMS","0.177 375.177"
"B4KKTPEBCF",4,5,"BUD2000","START","09/1999"
"B4KKTPEBCF",4,6,"BUD2000","GAS","7848.6 X M/M 11/2008 AD B/1.7954 22.783706"
"B4KKTPEBCF",4,7,"BUD2000","""","2787.3 X M/M 648.228 IMU EXP 5.000000"
"B4KKTPEBCF",4,8,"BUD2000","START","09/1999"
"B4KKTPEBCF",4,9,"BUD2000","WTR","340.8 X B/M 3.574 IMU EXP 65.174352"
"B4KKTPEBCF",4,10,"BUD2000","START","09/1999"
"B4KKTPEBCF",4,11,"BUD2000","OIL/GAS","0.000282 0.0000001 B/M TO LIFE LOG TIME"
"B4KKTPEBCF",4,12,"BUD2003","START","01/2003"
"B4KKTPEBCF",4,13,"BUD2003","GAS","461.03 X M/M 04/2009 AD B/1.7954 10.367622"
"B4KKTPEBCF",4,14,"BUD2003","""","285.96 X M/M 55.205 IMU EXP 5.000000"
"B4KKTPEBCF",4,26,"BUD2003","START","01/2003"
"B4KKTPEBCF",4,27,"BUD2003","OIL/GAS","0.00020040 0.00000324 B/M TO LIFE LOG TIME"
"B4KKTPEBCF",5,2,"BUD2000","LOOKUP","OILPRICE @M.AREA @M.LIQ_GRAV"
"B4KKTPEBCF",5,3,"BUD2000","LOOKUP","GASPRICE @M.AREA"
"B4KKTPEBCF",6,8191,"LOE99","OPC/T","3200 X $/M TO LIFE ESC OPEX"
"B4KKTPEBCF",6,12286,,"OPC/WTR",".25 X $/B TO LIFE PC 0"
"B4KKTPEBCF",6,16382,,"LOOKUP","SEV @M.STATE"
"B4KKTPEBCF",6,24573,,"ATX","3"
"B4KKTPEBCF",7,3,"LGC","NET","50 41.25 %"
"B4KKTPEBCF",9,2,"BUD2003","LOAD","MP.OIL OIL 01/2003 01/2010 #"
"B4KKTPEBCF",9,3,"BUD2003","LOAD","MP.GAS GAS 01/2003 01/2010 #"
"B4KL20495N",1,1,,"TITLES","Lease: PIETSCH UNIT"
"B4KL20495N",1,6,,"TITLES","Field: GIDDINGS (AUSTIN CHALK GAS)"
"B4KL20495N",1,11,,"TITLES","FAYETTE , TX"
"B4KL20495N",1,16,,"TITLES","Operator: WILLIAMS CLAYTON ENERGY"
"B4KL20495N",4,3,"BUD2003","CUMS","143.110 2979.371"
"B4KL20495N",4,4,"BUD2000","CUMS","137.520 2840.557"
"B4KL20495N",4,5,"BUD2000","START","09/1999"
"B4KL20495N",4,6,"BUD2000","GAS","3847.6 X M/M 7 EXP B/0.6383 16.718501"
"B4KL20495N",4,7,"BUD2000","""","478.5 X M/M 70.274 IMU EXP 7.000"
"B4KL20495N",4,8,"BUD2000","START","09/1999"
"B4KL20495N",4,9,"BUD2000","OIL/GAS","0.038 0.030 B/M TO LIFE LOG TIME"
"B4KL20495N",4,10,"BUD2003","START","01/2003"
"B4KL20495N",4,11,"BUD2003","GAS","2379.72 X M/M 10/2020 AD B/0.6676 11.816487"
"B4KL20495N",4,12,"BUD2003","""","584.02 X M/M 124.983 IMU EXP 5.000000"
"B4KL20495N",4,23,"BUD2003","START","01/2003"
"B4KL20495N",4,24,"BUD2003","OIL/GAS","0.037697 0.032199 B/M TO LIFE LOG TIME"
"B4KL20495N",5,16382,"BUD2000","PRI/OIL","20.05"
"B4KL20495N",5,24573,"BUD2000","PRI/GAS","1.95"
"B4KL20495N",6,3,"LOE99","OPC/T","12/1998 1*2500 12*3200 12*3775 12*2750 12*2900 #"
"B4KL20495N",6,5,"LOE99","""","X X $/M TO LIFE ESC OPEX"
"B4KL20495N",6,6,,"LOOKUP","SEV @M.STATE"
"B4KL20495N",6,7,,"ATX","2.87"
"B4KL20495N",6,17,"DEFAULT","OPC/T","1500 X $/M TO LIFE PC 0"
"B4KL20495N",7,3,"LGC","NET","50 41.25 %"
"B4KL20495N",8,16383,,"CAPITAL","225 100 G 0 YRS"
"B4KL20495N",9,20,"BUD2003","LOAD","MP.OIL OIL 01/2003 01/2010 #"
"B4KL20495N",9,30,"BUD2003","LOAD","MP.GAS GAS 01/2003 01/2010 #"
"B4KL22Q96I",1,1,,"TITLES","Lease: HACKEBEIL, WILBURN UNIT"
"B4KL22Q96I",1,6,,"TITLES","Field: GIDDINGS (AUSTIN CHALK GAS)"
"B4KL22Q96I",1,11,,"TITLES","FAYETTE , TX"
"B4KL22Q96I",1,16,,"TITLES","Operator: WILLIAMS CLAYTON ENERGY"
"B4KL22Q96I",4,1,"BUD2000","CUMS","82.770 1318.630"
"B4KL22Q96I",4,2,"BUD2000","START","09/1999"
"B4KL22Q96I",4,3,"BUD2000","GAS","156.0 X M/M 3.057 IMU EXP 34.215242"
"B4KL22Q96I",4,4,"BUD2000","START","09/1999"
"B4KL22Q96I",4,5,"BUD2000","OIL","10.0 X B/M 0.180 IMU EXP 48.587463"
"B4KL22Q96I",5,2,"BUD2000","LOOKUP","OILPRICE @M.AREA @M.LIQ_GRAV"
"B4KL22Q96I",5,3,"BUD2000","LOOKUP","GASPRICE @M.AREA"
"B4KL22Q96I",6,16383,"LOE99","OPC/T","2900"
"B4KL22Q96I",6,21844,,"LOOKUP","SEV @M.STATE"
"B4KL22Q96I",6,21845,,"ATX","2.87"
"B4KL22Q96I",7,3,"LGC","NET","100 75 %"
"B4KL22Q96I",9,2,"BUD2003","LOAD","MP.OIL OIL 01/2003 01/2010 #"
"B4KL22Q96I",9,3,"BUD2003","LOAD","MP.GAS GAS 01/2003 01/2010 #"
"B4KL25IB7B",1,1,,"TITLES","Lease: BROWN"
"B4KL25IB7B",1,6,,"TITLES","Field: GIDDINGS (AUSTIN CHALK-3)"
"B4KL25IB7B",1,11,,"TITLES","FAYETTE , TX"
"B4KL25IB7B",1,16,,"TITLES","Operator: BELLWETHER EXPL CO"
"B4KL25IB7B",4,3,"BUD2003","CUMS","105.451 2293.163"
"B4KL25IB7B",4,4,"BUD2000","CUMS","96.062 2062.636"
"B4KL25IB7B",4,5,"BUD2000","START","09/1999"
"B4KL25IB7B",4,6,"BUD2000","OIL","276.6 X B/M 7 EXP B/0.6250 12.506790"
"B4KL25IB7B",4,7,"BUD2000","""","X 1 B/M X YRS EXP 7"
"B4KL25IB7B",4,8,"BUD2000","START","09/1999"
"B4KL25IB7B",4,9,"BUD2000","GAS","7329.7 X M/M OIL 1 B/1.4965 8.059760"
"B4KL25IB7B",4,10,"BUD2000","""","X 1 M/M X YRS EXP 7"
"B4KL25IB7B",4,11,"BUD2003","START","1/2003"
"B4KL25IB7B",4,12,"BUD2003","OIL","225.59 X B/M 84.301 IMU B/1.2490 6.457407"
"B4KL25IB7B",4,21,"BUD2003","START","1/2003"
"B4KL25IB7B",4,22,"BUD2003","GAS/OIL","30.4649 3002.03 M/B TO LIFE LOG TIME"
"B4KL25IB7B",5,16382,"BUD2000","PRI/OIL","21.10"
"B4KL25IB7B",5,24573,"BUD2000","PRI/GAS","1.97"
"B4KL25IB7B",6,3,"WORK99","OPC/T","2500"
"B4KL25IB7B",6,4,,"LOOKUP","SEV @M.STATE"
"B4KL25IB7B",6,5,,"ATX","2.97"
"B4KL25IB7B",7,3,"LGC","NET","100 85 % TO LIFE"
"B4KL25IB7B",9,2,"BUD2003","LOAD","MP.OIL OIL 01/2003 01/2010 #"
"B4KL25IB7B",9,3,"BUD2003","LOAD","MP.GAS GAS 01/2003 01/2010 #"
"B4KL27GA89",1,1,,"TITLES","Lease: BARKER UNIT"
"B4KL27GA89",1,6,,"TITLES","Field: GIDDINGS (AUSTIN CHALK-3)"
"B4KL27GA89",1,11,,"TITLES","LEE , TX"
"B4KL27GA89",1,16,,"TITLES","Operator: BELLWETHER EXPL CO"
"B4KL27GA89",4,1,"DEFAULT","CUMS","73.218 1879.820 "
"B4KL27GA89",4,2,"DEFAULT","START","7/1996"
"B4KL27GA89",4,3,"DEFAULT","OIL","71.7335 X B/M 2.915 IMU EXP 15.823002"
"B4KL27GA89",4,4,"DEFAULT","START","7/1996"
"B4KL27GA89",4,5,"DEFAULT","GAS/OIL","19430.0 17957.3 M/B TO LIFE LOG TIME"
"B4KL27GA89",5,2,"BUD2000","LOOKUP","OILPRICE @M.AREA @M.LIQ_GRAV"
"B4KL27GA89",5,3,"BUD2000","LOOKUP","GASPRICE @M.AREA"
"B4KL27GA89",6,2,,"LOOKUP","SEV @M.STATE"
"B4KL27GA89",9,2,"BUD2003","LOAD","MP.OIL OIL 01/2003 01/2010 #"
"B4KL27GA89",9,3,"BUD2003","LOAD","MP.GAS GAS 01/2003 01/2010 #"
"B4KL2A0B93",1,1,,"TITLES","Lease: APPELT B"
"B4KL2A0B93",1,6,,"TITLES","Field: GIDDINGS (AUSTIN CHALK-3)"
"B4KL2A0B93",1,11,,"TITLES","FAYETTE , TX"
"B4KL2A0B93",1,16,,"TITLES","Operator: BELLWETHER EXPL CO"
"B4KL2A0B93",4,3,"BUD2003","CUMS","247.324 1178.552"
"B4KL2A0B93",4,4,"BUD2000","CUMS","241.216 1141.374"
"B4KL2A0B93",4,5,"BUD2000","START","09/1999"
"B4KL2A0B93",4,6,"BUD2000","OIL","211.2 X B/M 7.383 IMU EXP 27.890487"
"B4KL2A0B93",4,7,"BUD2000","START","09/1999"
"B4KL2A0B93",4,8,"BUD2000","GAS/OIL","6.929 2.268 M/B TO LIFE LOG TIME"
"B4KL2A0B93",4,9,"BUD2003","START","1/2003"
"B4KL2A0B93",4,10,"BUD2003","OIL","80.6516 X B/M 2.080 IMU EXP 25.638556"
"B4KL2A0B93",4,19,"BUD2003","START","1/2003"
"B4KL2A0B93",4,20,"BUD2003","GAS/OIL","4.3908 3.1577 M/B TO LIFE LOG TIME"
"B4KL2A0B93",5,2,"BUD2000","LOOKUP","OILPRICE @M.AREA @M.LIQ_GRAV"
"B4KL2A0B93",5,3,"BUD2000","LOOKUP","GASPRICE @M.AREA"
"B4KL2A0B93",6,3,"WORK99","OPC/T","2750"
"B4KL2A0B93",6,4,,"LOOKUP","SEV @M.STATE"
"B4KL2A0B93",6,5,,"ATX","2.97"
"B4KL2A0B93",7,3,"LGC","NET","100 80 %"
"B4KL2A0B93",9,2,"BUD2003","LOAD","MP.OIL OIL 01/2003 01/2010 #"
"B4KL2A0B93",9,3,"BUD2003","LOAD","MP.GAS GAS 01/2003 01/2010 #"
"B4KL2BA8UF",1,1,,"TITLES","Lease: RAUSCH"
"B4KL2BA8UF",1,6,,"TITLES","Field: GIDDINGS (AUSTIN CHALK GAS)"
"B4KL2BA8UF",1,11,,"TITLES","FAYETTE , TX"
"B4KL2BA8UF",1,16,,"TITLES","Operator: BELLWETHER EXPL CO"
"B4KL2BA8UF",4,1,"BUD2000","CUMS","187.912 2489.838"
"B4KL2BA8UF",4,2,"BUD2000","START","08/1999"
"B4KL2BA8UF",4,3,"BUD2000","GAS","2024.7 X M/M 44.539 IMU EXP 41.279391"
"B4KL2BA8UF",4,4,"BUD2000","START","08/1999"
"B4KL2BA8UF",4,5,"BUD2000","OIL/GAS","0.068 0.076 B/M TO LIFE LOG TIME"
"B4KL2BA8UF",5,2,"BUD2000","LOOKUP","OILPRICE @M.AREA @M.LIQ_GRAV"
"B4KL2BA8UF",5,3,"BUD2000","LOOKUP","GASPRICE @M.AREA"
"B4KL2BA8UF",6,5,"LOE99","OPC/T","2121"
"B4KL2BA8UF",6,6,,"LOOKUP","SEV @M.STATE"
"B4KL2BA8UF",6,7,,"ATX","2.87"
"B4KL2BA8UF",7,3,"LGC","NET","34.75751 28.96627 %"
"B4KL2BA8UF",8,16383,,"CAPITAL","225 100 G 0 YRS"
"B4KL2BA8UF",9,2,"BUD2003","LOAD","MP.OIL OIL 01/2003 01/2010 #"
"B4KL2BA8UF",9,3,"BUD2003","LOAD","MP.GAS GAS 01/2003 01/2010 #"
"B4KL2CEAA1",1,1,,"TITLES","Lease: APPELT -C-"
"B4KL2CEAA1",1,6,,"TITLES","Field: GIDDINGS (AUSTIN CHALK-3)"
"B4KL2CEAA1",1,11,,"TITLES","FAYETTE , TX"
"B4KL2CEAA1",1,16,,"TITLES","Operator: BELLWETHER EXPL CO"
"B4KL2CEAA1",4,20,"BUD2000","CUMS","96.836 806.145"
"B4KL2CEAA1",4,40,"BUD2000","START","09/1999"
"B4KL2CEAA1",4,60,"BUD2000","OIL","96.0 X B/M 2.880 IMU EXP 30.160430"
"B4KL2CEAA1",4,80,"BUD2000","START","09/1999"
"B4KL2CEAA1",4,100,"BUD2000","GAS/OIL","6.293 6.793 M/B TO LIFE LOG TIME"
"B4KL2CEAA1",4,120,"BUD2003","START","01/2003"
"B4KL2CEAA1",4,130,"BUD2003","OIL","0 0 B/M 0 YRS PC 0"
"B4KL2CEAA1",5,2,"BUD2000","LOOKUP","OILPRICE @M.AREA @M.LIQ_GRAV"
"B4KL2CEAA1",5,3,"BUD2000","LOOKUP","GASPRICE @M.AREA"
"B4KL2CEAA1",6,3,"WORK99","OPC/T","2750"
"B4KL2CEAA1",6,4,,"LOOKUP","SEV @M.STATE"
"B4KL2CEAA1",6,5,,"ATX","2.97"
"B4KL2CEAA1",7,3,"LGC","NET","100 75 %"
"B4KL2CEAA1",9,2,"BUD2003","LOAD","MP.OIL OIL 01/2003 01/2010 #"
"B4KL2CEAA1",9,3,"BUD2003","LOAD","MP.GAS GAS 01/2003 01/2010 #"
"B4KL2DW8VD",1,1,,"TITLES","Lease: FRIEMEL"
"B4KL2DW8VD",1,6,,"TITLES","Field: GIDDINGS (AUSTIN CHALK GAS)"
"B4KL2DW8VD",1,11,,"TITLES","FAYETTE , TX"
"B4KL2DW8VD",1,16,,"TITLES","Operator: BELLWETHER EXPL CO"
"B4KL2DW8VD",4,3,"BUD2003","CUMS","109.718 2027.922"
"B4KL2DW8VD",4,4,"BUD2000","CUMS","106.155 1950.885"
"B4KL2DW8VD",4,5,"BUD2000","START","09/1999"
"B4KL2DW8VD",4,6,"BUD2000","GAS","3119.9 X M/M 56.229 IMU EXP 48.073140"
"B4KL2DW8VD",4,7,"BUD2000","START","09/1999"
"B4KL2DW8VD",4,8,"BUD2000","WTR","1153.0 X B/M 191.253 IMU EXP 6.803949"
"B4KL2DW8VD",4,9,"BUD2000","START","09/1999"
"B4KL2DW8VD",4,10,"BUD2000","OIL/GAS","0.038 0.030 B/M TO LIFE LOG TIME"
"B4KL2DW8VD",4,11,"BUD2003","START","1/2003"
"B4KL2DW8VD",4,12,"BUD2003","GAS","1077.64 X M/M 43.224 IMU EXP 24.845289"
"B4KL2DW8VD",4,13,"BUD2003","START","1/2003"
"B4KL2DW8VD",4,14,"BUD2003","WTR","285.79 X B/M 10.497 IMU EXP 25.396945"
"B4KL2DW8VD",4,26,"BUD2003","START","1/2003"
"B4KL2DW8VD",4,27,"BUD2003","OIL/GAS","0.042614 0.035574 B/M TO LIFE LOG TIME"
"B4KL2DW8VD",5,2,"BUD2000","LOOKUP","OILPRICE @M.AREA @M.LIQ_GRAV"
"B4KL2DW8VD",5,3,"BUD2000","LOOKUP","GASPRICE @M.AREA"
"B4KL2DW8VD",6,8191,"LOE99","OPC/T","3210"
"B4KL2DW8VD",6,12286,,"OPC/WTR",".25 X $/B TO LIFE PC 0"
"B4KL2DW8VD",6,16382,,"LOOKUP","SEV @M.STATE"
"B4KL2DW8VD",6,24573,,"ATX","2.87"
"B4KL2DW8VD",7,3,"LGC","NET","48.33634 42.52856 42.52856 %"
"B4KL2DW8VD",9,2,"BUD2003","LOAD","MP.OIL OIL 01/2003 01/2010 #"
"B4KL2DW8VD",9,3,"BUD2003","LOAD","MP.GAS GAS 01/2003 01/2010 #"
"B4KL2EUABY",1,1,,"TITLES","Lease: LEHMAN"
"B4KL2EUABY",1,6,,"TITLES","Field: GIDDINGS (AUSTIN CHALK-3)"
"B4KL2EUABY",1,11,,"TITLES","LEE , TX"
"B4KL2EUABY",1,16,,"TITLES","Operator: BELLWETHER EXPL CO"
"B4KL2EUABY",4,1,"DEFAULT","CUMS","278.168 401.060 "
"B4KL2EUABY",4,2,"DEFAULT","START","5/1996"
"B4KL2EUABY",4,3,"DEFAULT","OIL","245.98 X B/M 7.335 IMU EXP 29.841079"
"B4KL2EUABY",4,4,"DEFAULT","START","5/1996"
"B4KL2EUABY",4,5,"DEFAULT","GAS","375.79 X M/M 12.176 IMU EXP 27.549250"
"B4KL2EUABY",5,2,"BUD2000","LOOKUP","OILPRICE @M.AREA @M.LIQ_GRAV"
"B4KL2EUABY",5,3,"BUD2000","LOOKUP","GASPRICE @M.AREA"
"B4KL2EUABY",6,2,,"LOOKUP","SEV @M.STATE"
"B4KL2EUABY",9,2,"BUD2003","LOAD","MP.OIL OIL 01/2003 01/2010 #"
"B4KL2EUABY",9,3,"BUD2003","LOAD","MP.GAS GAS 01/2003 01/2010 #"
"B4KL2FS8WA",1,1,,"TITLES","Lease: BAUER, R.A. UNIT"
"B4KL2FS8WA",1,6,,"TITLES","Field: GIDDINGS (AUSTIN CHALK GAS)"
"B4KL2FS8WA",1,11,,"TITLES","FAYETTE , TX"
"B4KL2FS8WA",1,16,,"TITLES","Operator: BELLWETHER EXPL CO"
"B4KL2FS8WA",4,1,"DEFAULT","CUMS","82.149 1879.095 "
"B4KL2FS8WA",4,2,"DEFAULT","START","4/1996"
"B4KL2FS8WA",4,3,"DEFAULT","GAS","923.14 X M/M 12.872 IMU EXP 55.694590"
"B4KL2FS8WA",4,4,"DEFAULT","START","4/1996"
"B4KL2FS8WA",4,5,"DEFAULT","OIL","95.9322 X B/M 1.449 IMU EXP 42.662303"
"B4KL2FS8WA",5,2,"BUD2000","LOOKUP","OILPRICE @M.AREA @M.LIQ_GRAV"
"B4KL2FS8WA",5,3,"BUD2000","LOOKUP","GASPRICE @M.AREA"
"B4KL2FS8WA",6,2,,"LOOKUP","SEV @M.STATE"
"B4KL2FS8WA",6,3,,"ATX","2.87"
"B4KL2FS8WA",9,2,"BUD2003","LOAD","MP.OIL OIL 01/2003 01/2010 #"
"B4KL2FS8WA",9,3,"BUD2003","LOAD","MP.GAS GAS 01/2003 01/2010 #"
"B4KL2HEBCS",1,1,,"TITLES","Lease: ARMSTRONG-MUNSON UNIT"
"B4KL2HEBCS",1,6,,"TITLES","Field: GIDDINGS (AUSTIN CHALK-3)"
"B4KL2HEBCS",1,11,,"TITLES","FAYETTE , TX"
"B4KL2HEBCS",1,16,,"TITLES","Operator: COASTAL OIL & GAS CORP"
"B4KL2HEBCS",4,1,"WORKOVER","CUMS","585.079 3672.588"
"B4KL2HEBCS",4,4,"BUD2003","CUMS","623.929 4086.245"
"B4KL2HEBCS",4,5,"BUD2000","CUMS","585.079 3672.588"
"B4KL2HEBCS",4,6,"BUD2000","START","09/1999"
"B4KL2HEBCS",4,7,"BUD2000","OIL","1430.0 X B/M 66.940 IMU EXP 22.473832"
"B4KL2HEBCS",4,8,"BUD2000","START","09/1999"
"B4KL2HEBCS",4,9,"BUD2000","GAS","14100.5 X M/M 1041.951 IMU EXP 14.940739"
"B4KL2HEBCS",4,10,"BUD2003","START","1/2003"
"B4KL2HEBCS",4,11,"BUD2003","OIL","612.11 X B/M 28.385 IMU EXP 22.473832"
"B4KL2HEBCS",4,20,"WORKOVER","START","09/1999"
"B4KL2HEBCS",4,21,"WORKOVER","OIL","1430.0 X B/M 01/2001 AD EXP 22.473832"
"B4KL2HEBCS",4,22,"WORKOVER","""","3000.0 X B/M 114.015 IMU EXP 27.000000"
"B4KL2HEBCS",4,23,"WORKOVER","START","09/1999"
"B4KL2HEBCS",4,24,"WORKOVER","GAS","14100.5 X M/M 01/2001 AD EXP 14.940739"
"B4KL2HEBCS",4,25,"WORKOVER","""","33000.0 X M/M 2122.090 IMU EXP 17.000000"
"B4KL2HEBCS",4,26,"BUD2003","START","1/2003"
"B4KL2HEBCS",4,27,"BUD2003","GAS/OIL","14.1116 87.5220 M/B TO LIFE LOG TIME"
"B4KL2HEBCS",5,16382,"BUD2000","PRI/OIL","24.12"
"B4KL2HEBCS",5,24573,"BUD2000","PRI/GAS","2.12"
"B4KL2HEBCS",6,5,"WORK99","OPC/T","2430 X $/M TO LIFE ESC OPEX"
"B4KL2HEBCS",6,6,,"LOOKUP","SEV @M.STATE"
"B4KL2HEBCS",6,7,,"ATX","2.97"
"B4KL2HEBCS",7,3,"LGC","NET","50 42.5 %"
"B4KL2HEBCS",7,8194,"OWN1","NET","32 20 %"
"B4KL2HEBCS",7,16385,"OWN1","NET","20 12.5 %"
"B4KL2HEBCS",8,16383,"WORKOVER","WRKOVR","80 100 G OIL 1"
"B4KL2HEBCS",9,2,"BUD2003","LOAD","MP.OIL OIL 01/2003 01/2010 #"
"B4KL2HEBCS",9,3,"BUD2003","LOAD","MP.GAS GAS 01/2003 01/2010 #"
"B4KL2I49X5",1,1,,"TITLES","Lease: LEHMANN-VON MINDEN"
"B4KL2I49X5",1,6,,"TITLES","Field: GIDDINGS (AUSTIN CHALK GAS)"
"B4KL2I49X5",1,11,,"TITLES","FAYETTE , TX"
"B4KL2I49X5",1,16,,"TITLES","Operator: COASTAL OIL & GAS CORP"
"B4KL2I49X5",4,3,"BUD2003","CUMS","356.142 3803.861"
"B4KL2I49X5",4,4,"BUD2000","CUMS","321.953 3291.934"
"B4KL2I49X5",4,5,"BUD2000","START","09/1999"
"B4KL2I49X5",4,6,"BUD2000","GAS","16905.0 X M/M 01/2017 AD B/0.9317 23.548802"
"B4KL2I49X5",4,7,"BUD2000","""","2494.1 X M/M 571.861 IMU EXP 5.000000"
"B4KL2I49X5",4,8,"BUD2000","START","09/1999"
"B4KL2I49X5",4,9,"BUD2000","WTR","374.5 X B/M 7.462 IMU EXP 42.743169"
"B4KL2I49X5",4,10,"BUD2000","START","09/1999"
"B4KL2I49X5",4,11,"BUD2000","OIL/GAS","0.064 0.032 B/M TO LIFE LOG TIME"
"B4KL2I49X5",4,12,"BUD2003","START","1/2003"
"B4KL2I49X5",4,13,"BUD2003","GAS","11662.7 X M/M 1238.704 IMU EXP 10.640327"
"B4KL2I49X5",4,14,"BUD2003","START","1/2003"
"B4KL2I49X5",4,15,"BUD2003","WTR","58.3727 X B/M 0.686 IMU EXP 42.743169"
"B4KL2I49X5",4,28,"BUD2003","START","1/2003"
"B4KL2I49X5",4,29,"BUD2003","OIL/GAS","0.070462 1.1486 B/M TO LIFE LOG TIME"
"B4KL2I49X5",5,2,"BUD2000","LOOKUP","OILPRICE @M.AREA @M.LIQ_GRAV"
"B4KL2I49X5",5,3,"BUD2000","LOOKUP","GASPRICE @M.AREA"
"B4KL2I49X5",6,8191,"LOE99","OPC/T","1188"
"B4KL2I49X5",6,12286,,"OPC/WTR",".25 X $/B TO LIFE PC 0"
"B4KL2I49X5",6,16382,,"LOOKUP","SEV @M.STATE"
"B4KL2I49X5",6,24573,,"ATX","2.87"
"B4KL2I49X5",7,3,"LGC","NET","48.33634 42.52856 42.52856 %"
"B4KL2I49X5",9,2,"BUD2003","LOAD","MP.OIL OIL 01/2003 01/2010 #"
"B4KL2I49X5",9,3,"BUD2003","LOAD","MP.GAS GAS 01/2003 01/2010 #"
"B4KL2JUADP",1,1,,"TITLES","Lease: W. LEHMANN OIL UNIT"
"B4KL2JUADP",1,6,,"TITLES","Field: GIDDINGS (AUSTIN CHALK-3)"
"B4KL2JUADP",1,11,,"TITLES","FAYETTE , TX"
"B4KL2JUADP",1,16,,"TITLES","Operator: COASTAL OIL & GAS CORP"
"B4KL2JUADP",4,3,"BUD2003","CUMS","180.568 1514.804"
"B4KL2JUADP",4,4,"BUD2000","CUMS","176.964 1464.989"
"B4KL2JUADP",4,5,"BUD2000","START","09/1999"
"B4KL2JUADP",4,6,"BUD2000","OIL","109.2 X B/M 4.014 IMU EXP 25.672600"
"B4KL2JUADP",4,7,"BUD2000","START","09/1999"
"B4KL2JUADP",4,8,"BUD2000","GAS","1213.6 X M/M 26.747 IMU EXP 40.714377"
"B4KL2JUADP",4,9,"BUD2003","START","1/2003"
"B4KL2JUADP",4,10,"BUD2003","OIL","87.7189 X B/M 21.136 IMU EXP 3.224970"
"B4KL2JUADP",4,19,"BUD2003","START","1/2003"
"B4KL2JUADP",4,20,"BUD2003","GAS/OIL","12.1804 1.7093 M/B TO LIFE LOG TIME"
"B4KL2JUADP",5,2,"BUD2000","LOOKUP","OILPRICE @M.AREA @M.LIQ_GRAV"
"B4KL2JUADP",5,3,"BUD2000","LOOKUP","GASPRICE @M.AREA"
"B4KL2JUADP",6,5,"WORK99","OPC/T","2430 X $/M TO LIFE ESC OPEX"
"B4KL2JUADP",6,6,,"LOOKUP","SEV @M.STATE"
"B4KL2JUADP",6,7,,"ATX","2.97"
"B4KL2JUADP",7,3,"LGC","NET","75 63 %"
"B4KL2JUADP",9,2,"BUD2003","LOAD","MP.OIL OIL 01/2003 01/2010 #"
"B4KL2JUADP",9,3,"BUD2003","LOAD","MP.GAS GAS 01/2003 01/2010 #"
"B4KL2KS8Y1",1,1,,"TITLES","Lease: ARMSTRONG-ARMSTRONG UNIT"
"B4KL2KS8Y1",1,6,,"TITLES","Field: GIDDINGS (AUSTIN CHALK GAS)"
"B4KL2KS8Y1",1,11,,"TITLES","FAYETTE , TX"
"B4KL2KS8Y1",1,16,,"TITLES","Operator: COASTAL OIL & GAS CORP"
"B4KL2KS8Y1",4,3,"BUD2003","CUMS","159.784 2061.063"
"B4KL2KS8Y1",4,4,"BUD2000","CUMS","144.830 1829.891"
"B4KL2KS8Y1",4,5,"BUD2000","START","09/1999"
"B4KL2KS8Y1",4,6,"BUD2000","GAS","7275.2 X M/M 07/2004 AD B/3.0086 14.587072"
"B4KL2KS8Y1",4,7,"BUD2000","""","4614.8 X M/M 1067.998 IMU EXP 5.000000"
"B4KL2KS8Y1",4,8,"BUD2000","START","09/1999"
"B4KL2KS8Y1",4,9,"BUD2000","WTR","270.7 X B/M 70.244 IMU EXP 4.028600"
"B4KL2KS8Y1",4,10,"BUD2000","START","09/1999"
"B4KL2KS8Y1",4,11,"BUD2000","OIL/GAS","0.061 0.049 B/M TO LIFE LOG TIME"
"B4KL2KS8Y1",4,12,"BUD2003","START","1/2003"
"B4KL2KS8Y1",4,13,"BUD2003","GAS","2896.68 X M/M 112.558 IMU EXP 26.181593"
"B4KL2KS8Y1",4,14,"BUD2003","START","1/2003"
"B4KL2KS8Y1",4,15,"BUD2003","WTR","135.17 X B/M 5.713 IMU EXP 19.856477"
"B4KL2KS8Y1",4,27,"BUD2003","START","1/2003"
"B4KL2KS8Y1",4,28,"BUD2003","OIL/GAS","0.056547 0.036563 B/M TO LIFE LOG TIME"
"B4KL2KS8Y1",5,2,"BUD2000","LOOKUP","OILPRICE @M.AREA @M.LIQ_GRAV"
"B4KL2KS8Y1",5,3,"BUD2000","LOOKUP","GASPRICE @M.AREA"
"B4KL2KS8Y1",6,8191,"LOE99","OPC/T","3000"
"B4KL2KS8Y1",6,12286,,"OPC/WTR",".25 X $/B TO LIFE PC 0"
"B4KL2KS8Y1",6,16382,,"LOOKUP","SEV @M.STATE"
"B4KL2KS8Y1",6,24573,,"ATX","2.87"
"B4KL2KS8Y1",7,3,"LGC","NET","20.562014 17.2964 %"
"B4KL2KS8Y1",9,2,"BUD2003","LOAD","MP.OIL OIL 01/2003 01/2010 #"
"B4KL2KS8Y1",9,3,"BUD2003","LOAD","MP.GAS GAS 01/2003 01/2010 #"
"B4KL2LI9EM",1,1,,"TITLES","Lease: A. BUSCHA OIL UNIT"
"B4KL2LI9EM",1,6,,"TITLES","Field: GIDDINGS (AUSTIN CHALK-3)"
"B4KL2LI9EM",1,11,,"TITLES","FAYETTE , TX"
"B4KL2LI9EM",1,16,,"TITLES","Operator: COASTAL OIL & GAS CORP"
"B4KL2LI9EM",4,1,"TEST","CUMS","136.887 260.693"
"B4KL2LI9EM",4,4,"BUD2003","CUMS","134.756 255.835"
"B4KL2LI9EM",4,5,"BUD2000","CUMS","105.082 195.916"
"B4KL2LI9EM",4,6,"BUD2000","START","09/1999"
"B4KL2LI9EM",4,7,"BUD2000","OIL","854.7 X B/M 33.345 IMU EXP 26.216965"
"B4KL2LI9EM",4,8,"BUD2000","START","09/1999"
"B4KL2LI9EM",4,9,"BUD2000","WTR","469.9 X B/M 17.343 IMU EXP 26.268240"
"B4KL2LI9EM",4,10,"BUD2000","START","09/1999"
"B4KL2LI9EM",4,11,"BUD2000","GAS/OIL","2.050 3.088 M/B TO LIFE LOG TIME"
"B4KL2LI9EM",4,12,"BUD2003","START","1/2003"
"B4KL2LI9EM",4,13,"BUD2003","OIL","579.15 X B/M 51.186 IMU EXP 12.080553"
"B4KL2LI9EM",4,14,"BUD2003","START","1/2003"
"B4KL2LI9EM",4,15,"BUD2003","WTR","170.16 X B/M 5.568 IMU EXP 26.268240"
"B4KL2LI9EM",4,27,"TEST","START","5/2003"
"B4KL2LI9EM",4,28,"TEST","OIL","280.32 X B/M 10.683 IMU EXP 26.216965"
"B4KL2LI9EM",4,29,"TEST","START","5/2003"
"B4KL2LI9EM",4,30,"TEST","WTR","153.72 X B/M 4.921 IMU EXP 26.268240"
"B4KL2LI9EM",4,31,"TEST","START","5/2003"
"B4KL2LI9EM",4,32,"TEST","GAS/OIL","2.2698 3.0880 M/B TO LIFE LOG TIME"
"B4KL2LI9EM",4,33,"BUD2003","START","1/2003"
"B4KL2LI9EM",4,34,"BUD2003","GAS/OIL","2.2793 6.0420 M/B TO LIFE LOG TIME"
"B4KL2LI9EM",5,2,"BUD2000","LOOKUP","OILPRICE @M.AREA @M.LIQ_GRAV"
"B4KL2LI9EM",5,3,"BUD2000","LOOKUP","GASPRICE @M.AREA"
"B4KL2LI9EM",6,5,"WORK99","OPC/T","1840 X $/M TO LIFE ESC OPEX"
"B4KL2LI9EM",6,16386,"WORK99","OPC/WTR",".20 X $/B TO LIFE PC 0"
"B4KL2LI9EM",6,16387,,"LOOKUP","SEV @M.STATE"
"B4KL2LI9EM",6,16388,,"ATX","2.97"
"B4KL2LI9EM",7,3,"LGC","NET","38.875 32.3958 %"
"B4KL2LI9EM",9,2,"BUD2003","LOAD","MP.OIL OIL 01/2003 01/2010 #"
"B4KL2LI9EM",9,3,"BUD2003","LOAD","MP.GAS GAS 01/2003 01/2010 #"
"B4KL2M08ZZ",1,1,,"TITLES","Lease: GOLDAPP"
"B4KL2M08ZZ",1,6,,"TITLES","Field: GIDDINGS (AUSTIN CHALK GAS)"
"B4KL2M08ZZ",1,11,,"TITLES","FAYETTE , TX"
"B4KL2M08ZZ",1,16,,"TITLES","Operator: MARATHON OIL CO"
"B4KL2M08ZZ",4,3,"BUD2003","CUMS","200.421 3437.524"
"B4KL2M08ZZ",4,4,"BUD2000","CUMS","186.380 3193.372"
"B4KL2M08ZZ",4,5,"BUD2000","START","09/1999"
"B4KL2M08ZZ",4,6,"BUD2000","GAS","5599.7 X M/M 04/2009 AD B/1.5078 18.376146"
"B4KL2M08ZZ",4,7,"BUD2000","""","2023.1 X M/M 3746.16215 MMF EXP 5.000000"
"B4KL2M08ZZ",4,8,"BUD2000","START","09/1999"
"B4KL2M08ZZ",4,9,"BUD2000","OIL","458.5 X B/M 06/2002 AD B/3.7232 8.673666"
"B4KL2M08ZZ",4,10,"BUD2000","""","375.4 X B/M 85.503 IMU EXP 5.000000"
"B4KL2M08ZZ",4,11,"BUD2003","START","1/2003"
"B4KL2M08ZZ",4,12,"BUD2003","GAS","4946.06 X M/M 5/2004 AD B/2.7036 5.701507"
"B4KL2M08ZZ",4,13,"BUD2003","""","4562.78 X M/M 1055.761 IMU EXP 5.000000"
"B4KL2M08ZZ",4,23,"BUD2003","START","1/2003"
"B4KL2M08ZZ",4,24,"BUD2003","OIL/GAS","0.054238 0.030000 B/M TO LIFE LOG TIME"
"B4KL2M08ZZ",5,16382,"BUD2000","PRI/OIL","21.90"
"B4KL2M08ZZ",5,24573,"BUD2000","PRI/GAS","1.89"
"B4KL2M08ZZ",6,5,"LOE99","OPC/T","2900"
"B4KL2M08ZZ",6,6,,"LOOKUP","SEV @M.STATE"
"B4KL2M08ZZ",6,7,,"ATX","2.87"
"B4KL2M08ZZ",7,3,"LGC","NET","48.33634 42.52856 42.52856 %"
"B4KL2M08ZZ",9,2,"BUD2003","LOAD","MP.OIL OIL 01/2003 01/2010 #"
"B4KL2M08ZZ",9,3,"BUD2003","LOAD","MP.GAS GAS 01/2003 01/2010 #"
"B4KL2MMBFJ",1,1,,"TITLES","Lease: WARD N"
"B4KL2MMBFJ",1,6,,"TITLES","Field: GIDDINGS (AUSTIN CHALK-3)"
"B4KL2MMBFJ",1,11,,"TITLES","LEE , TX"
"B4KL2MMBFJ",1,16,,"TITLES","Operator: MARATHON OIL CO"
"B4KL2MMBFJ",4,3,"BUD2003","CUMS","231.208 2435.744"
"B4KL2MMBFJ",4,4,"BUD2000","CUMS","220.152 2276.537"
"B4KL2MMBFJ",4,5,"BUD2000","START","09/1999"
"B4KL2MMBFJ",4,6,"BUD2000","OIL","374.7 X B/M 10/2006 AD B/2.0566 15.796240"
"B4KL2MMBFJ",4,7,"BUD2000","""","190.9 X B/M 42.311 IMU EXP 5.000000"
"B4KL2MMBFJ",4,8,"BUD2000","START","09/1999"
"B4KL2MMBFJ",4,9,"BUD2000","GAS","6279.0 X M/M 05/2002 AD B/3.2907 7.965370"
"B4KL2MMBFJ",4,10,"BUD2000","""","5199.1 X M/M 1204.700 IMU EXP 5.000000"
"B4KL2MMBFJ",4,11,"BUD2000","START","09/1999"
"B4KL2MMBFJ",4,12,"BUD2000","WTR","34.6 X B/M 0.220 IMU EXP 28.869158"
"B4KL2MMBFJ",4,13,"BUD2003","START","1/2003"
"B4KL2MMBFJ",4,14,"BUD2003","OIL","155.68 X B/M 5.784 IMU EXP 22.987234"
"B4KL2MMBFJ",4,26,"BUD2003","START","1/2003"
"B4KL2MMBFJ",4,27,"BUD2003","GAS/OIL","17.0716 23.6087 M/B TO LIFE LOG TIME"
"B4KL2MMBFJ",5,2,"BUD2000","LOOKUP","OILPRICE @M.AREA @M.LIQ_GRAV"
"B4KL2MMBFJ",5,3,"BUD2000","LOOKUP","GASPRICE @M.AREA"
"B4KL2MMBFJ",6,3,"WORK99","OPC/T","5000"
"B4KL2MMBFJ",6,16385,"WORK99","OPC/WTR",".20 X $/B TO LIFE PC 0"
"B4KL2MMBFJ",6,16386,,"LOOKUP","SEV @M.STATE"
"B4KL2MMBFJ",6,16387,,"ATX","3.1"
"B4KL2MMBFJ",7,3,"LGC","NET","50 41.25 %"
"B4KL2MMBFJ",9,2,"BUD2003","LOAD","MP.OIL OIL 01/2003 01/2010 #"
"B4KL2MMBFJ",9,3,"BUD2003","LOAD","MP.GAS GAS 01/2003 01/2010 #"
"B4KL2O481W",1,1,,"TITLES","Lease: GOLDAPP"
"B4KL2O481W",1,6,,"TITLES","Field: GIDDINGS (AUSTIN CHALK GAS)"
"B4KL2O481W",1,11,,"TITLES","FAYETTE , TX"
"B4KL2O481W",1,16,,"TITLES","Operator: MARATHON OIL CO"
"B4KL2O481W",4,3,"BUD2003","CUMS","179.978 3012.949"
"B4KL2O481W",4,4,"BUD2000","CUMS","165.964 2817.429"
"B4KL2O481W",4,5,"BUD2000","START","09/1999"
"B4KL2O481W",4,6,"BUD2000","GAS","3603.7 X M/M 58.076 IMU EXP 52.017099"
"B4KL2O481W",4,7,"BUD2000","START","09/1999"
"B4KL2O481W",4,8,"BUD2000","OIL/GAS","0.081 0.090 B/M TO LIFE LOG TIME"
"B4KL2O481W",4,9,"BUD2003","START","1/2003"
"B4KL2O481W",4,10,"BUD2003","GAS","3992.15 X M/M 7/2007 AD B/1.8643 8.058356"
"B4KL2O481W",4,11,"BUD2003","""","2932.61 X M/M 674.405 IMU EXP 5.000000"
"B4KL2O481W",4,21,"BUD2003","START","1/2003"
"B4KL2O481W",4,22,"BUD2003","OIL/GAS","0.071787 0.639285 B/M TO LIFE LOG TIME"
"B4KL2O481W",5,2,"BUD2000","LOOKUP","OILPRICE @M.AREA @M.LIQ_GRAV"
"B4KL2O481W",5,3,"BUD2000","LOOKUP","GASPRICE @M.AREA"
"B4KL2O481W",6,5,"LOE99","OPC/T","3420"
"B4KL2O481W",6,6,,"LOOKUP","SEV @M.STATE"
"B4KL2O481W",6,7,,"ATX","2.87"
"B4KL2O481W",7,3,"LGC","NET","100 86.985 %"
"B4KL2O481W",9,2,"BUD2003","LOAD","MP.OIL OIL 01/2003 01/2010 #"
"B4KL2O481W",9,3,"BUD2003","LOAD","MP.GAS GAS 01/2003 01/2010 #"
"B4KL2QA82T",1,1,,"TITLES","Lease: WOOD K"
"B4KL2QA82T",1,6,,"TITLES","Field: GIDDINGS (AUSTIN CHALK GAS)"
"B4KL2QA82T",1,11,,"TITLES","LEE , TX"
"B4KL2QA82T",1,16,,"TITLES","Operator: MARATHON OIL CO"
"B4KL2QA82T",4,1,"BUD2000","CUMS","19.043 774.484"
"B4KL2QA82T",4,2,"BUD2000","START","09/1999"
"B4KL2QA82T",4,3,"BUD2000","GAS","9078.4 X M/M 690.858 IMU EXP 14.515248"
"B4KL2QA82T",4,4,"BUD2000","START","09/1999"
"B4KL2QA82T",4,5,"BUD2000","OIL","148.7 X B/M 7.063 IMU EXP 21.019315"
"B4KL2QA82T",5,2,"BUD2000","LOOKUP","OILPRICE @M.AREA @M.LIQ_GRAV"
"B4KL2QA82T",5,3,"BUD2000","LOOKUP","GASPRICE @M.AREA"
"B4KL2QA82T",6,5,"LOE99","OPC/T","3620"
"B4KL2QA82T",6,6,,"LOOKUP","SEV @M.STATE"
"B4KL2QA82T",6,7,,"ATX","3"
"B4KL2QA82T",7,3,"LGC","NET","34.7589 25.9472 %"
"B4KL2QA82T",9,2,"BUD2003","LOAD","MP.OIL OIL 01/2003 01/2010 #"
"B4KL2QA82T",9,3,"BUD2003","LOAD","MP.GAS GAS 01/2003 01/2010 #"
"B4KL2QI9GF",1,1,,"TITLES","Lease: HARRELL E"
"B4KL2QI9GF",1,6,,"TITLES","Field: GIDDINGS (AUSTIN CHALK-3)"
"B4KL2QI9GF",1,11,,"TITLES","LEE , TX"
"B4KL2QI9GF",1,16,,"TITLES","Operator: MARATHON OIL CO"
"B4KL2QI9GF",2,16383,"BUD2000","MAJOR","GAS"
"B4KL2QI9GF",4,1,"BUD2000","CUMS","99.774 1961.320"
"B4KL2QI9GF",4,2,"BUD2000","START","09/1999"
"B4KL2QI9GF",4,3,"BUD2000","OIL","34.3 X B/M 1.034 IMU EXP 24.814923"
"B4KL2QI9GF",4,4,"BUD2000","START","09/1999"
"B4KL2QI9GF",4,5,"BUD2000","GAS","1952.1 X M/M 127.985 IMU EXP 16.648176"
"B4KL2QI9GF",5,2,"BUD2000","LOOKUP","OILPRICE @M.AREA @M.LIQ_GRAV"
"B4KL2QI9GF",5,3,"BUD2000","LOOKUP","GASPRICE @M.AREA"
"B4KL2QI9GF",6,3,"WORK99","OPC/T","1840 X $/M TO LIFE ESC OPEX"
"B4KL2QI9GF",6,4,,"LOOKUP","SEV @M.STATE"
"B4KL2QI9GF",6,5,,"ATX","3.1"
"B4KL2QI9GF",7,3,"LGC","NET","50 41.25 %"
"B4KL2QI9GF",9,2,"BUD2003","LOAD","MP.OIL OIL 01/2003 01/2010 #"
"B4KL2QI9GF",9,3,"BUD2003","LOAD","MP.GAS GAS 01/2003 01/2010 #"
"B4KL2SE84P",1,1,,"TITLES","Lease: APPELT E"
"B4KL2SE84P",1,6,,"TITLES","Field: GIDDINGS (AUSTIN CHALK GAS)"
"B4KL2SE84P",1,11,,"TITLES","FAYETTE , TX"
"B4KL2SE84P",1,16,,"TITLES","Operator: TORCH OPERATING CO"
"B4KL2SE84P",4,3,"BUD2003","CUMS","40.413 598.999"
"B4KL2SE84P",4,4,"BUD2000","CUMS","37.227 541.845"
"B4KL2SE84P",4,5,"BUD2000","START","09/1999"
"B4KL2SE84P",4,6,"BUD2000","GAS","1938.1 X M/M 647.88790 MMF B/1.3370 10.207951"
"B4KL2SE84P",4,7,"BUD2000","START","09/1999"
"B4KL2SE84P",4,8,"BUD2000","OIL","89.8 X B/M 1.888 IMU EXP 39.800414"
"B4KL2SE84P",4,9,"BUD2003","START","1/2003"
"B4KL2SE84P",4,10,"BUD2003","GAS","1268.02 X M/M 12/2008 AD B/1.2318 7.528115"
"B4KL2SE84P",4,11,"BUD2003","""","866.32 X M/M 191.014 IMU EXP 5.000000"
"B4KL2SE84P",4,20,"BUD2003","START","1/2003"
"B4KL2SE84P",4,21,"BUD2003","OIL/GAS","0.048767 0.030000 B/M TO LIFE LOG TIME"
"B4KL2SE84P",5,2,"BUD2000","LOOKUP","OILPRICE @M.AREA @M.LIQ_GRAV"
"B4KL2SE84P",5,3,"BUD2000","LOOKUP","GASPRICE @M.AREA"
"B4KL2SE84P",6,10922,"LOE99","OPC/T","1450"
"B4KL2SE84P",6,16383,,"LOOKUP","SEV @M.STATE"
"B4KL2SE84P",6,19113,,"ATX","2.87"
"B4KL2SE84P",7,3,"LGC","NET","48.33634 42.52856 42.52856 %"
"B4KL2SE84P",9,2,"BUD2003","LOAD","MP.OIL OIL 01/2003 01/2010 #"
"B4KL2SE84P",9,3,"BUD2003","LOAD","MP.GAS GAS 01/2003 01/2010 #"
"B4KL2SO73Q",1,1,,"TITLES","Lease: HOLMES RANCH"
"B4KL2SO73Q",1,6,,"TITLES","Field: GIDDINGS (AUSTIN CHALK GAS)"
"B4KL2SO73Q",1,11,,"TITLES","FAYETTE , TX"
"B4KL2SO73Q",1,16,,"TITLES","Operator: TORCH OPERATING CO"
"B4KL2SO73Q",4,1,"DEFAULT","CUMS","78.774 782.105 "
"B4KL2SO73Q",4,2,"DEFAULT","START","9/1994"
"B4KL2SO73Q",4,3,"DEFAULT","GAS","80641.5 X M/M 348.797 IMU EXP 93.750572"
"B4KL2SO73Q",4,4,"DEFAULT","START","9/1994"
"B4KL2SO73Q",4,5,"DEFAULT","OIL","9218.65 X B/M 46.794 IMU EXP 90.534830"
"B4KL2SO73Q",5,2,"BUD2000","LOOKUP","OILPRICE @M.AREA @M.LIQ_GRAV"
"B4KL2SO73Q",5,3,"BUD2000","LOOKUP","GASPRICE @M.AREA"
"B4KL2SO73Q",6,2,,"LOOKUP","SEV @M.STATE"
"B4KL2SO73Q",6,3,,"ATX","2.87"
"B4KL2SO73Q",9,2,"BUD2003","LOAD","MP.OIL OIL 01/2003 01/2010 #"
"B4KL2SO73Q",9,3,"BUD2003","LOAD","MP.GAS GAS 01/2003 01/2010 #"
"B4KL30A9V9",1,1,,"TITLES","Lease: ELIAS, CAROLYN"
"B4KL30A9V9",1,6,,"TITLES","Field: GIDDINGS (AUSTIN CHALK-3)"
"B4KL30A9V9",1,11,,"TITLES","FAYETTE , TX"
"B4KL30A9V9",1,16,,"TITLES","Operator: WILLIAMS CLAYTON ENERGY"
"B4KL30A9V9",4,16383,"BUD2000","START","01/1999"
"B4KL30A9V9",4,24575,"BUD2000","OIL","0 X M/M 1 MO FLAT 0"
"B4KL30A9V9",5,2,"BUD2000","LOOKUP","OILPRICE @M.AREA @M.LIQ_GRAV"
"B4KL30A9V9",5,3,"BUD2000","LOOKUP","GASPRICE @M.AREA"
"B4KL30A9V9",6,1,,"OPC/T","1000"
"B4KL30A9V9",6,2,,"LOOKUP","SEV @M.STATE"
"B4KL30A9V9",9,2,"BUD2003","LOAD","MP.OIL OIL 01/2003 01/2010 #"
"B4KL30A9V9",9,3,"BUD2003","LOAD","MP.GAS GAS 01/2003 01/2010 #"
"B4KL30C7H9",1,1,,"TITLES","Lease: WENDLER"
"B4KL30C7H9",1,6,,"TITLES","Field: GIDDINGS (AUSTIN CHALK-3)"
"B4KL30C7H9",1,11,,"TITLES","FAYETTE , TX"

The free trial of MDB ACCDB Viewer exports only half of the records in each table.
